natco_handle,title,variant_weight,natco_type,natco_subcategory,our_subcategory,in_catalog,our_product_id,our_categories,match_status
alubia-beans,Alubia Beans 2kg,2kg,Beans,dried-lentils-beans-peas,dried-lentils-beans-peas,YES,prod_01KSQVBJ59N47WT0WWWT24BZX9,dried-lentils-beans-peas,OK
alubia-beans1,Alubia Beans 500g,500g,Beans,dried-lentils-beans-peas,dried-lentils-beans-peas,YES,prod_01KSQVBJ98JHZSJ84YX8JDC287,dried-lentils-beans-peas,OK
bhel-puri-kit-500g,Bhel Puri Kit 500g,500g,Daria Lentil Snack,namkeen-lentil-snacks,namkeen-lentil-snacks,YES,prod_01KSQVBG11N4NX1GM5P2CTJV2G,namkeen-lentil-snacks,OK
black-eye-beans,Black Eye Beans 2kg,2kg,Beans,dried-lentils-beans-peas,dried-lentils-beans-peas,YES,prod_01KSQVBJD5N654S1PMD0H3XS7D,dried-lentils-beans-peas,OK
black-eye-beans1,Black Eye Beans 500g,500g,Beans,dried-lentils-beans-peas,dried-lentils-beans-peas,YES,prod_01KSQVC2GB0KH4EK6F5PYDAS4P,dried-lentils-beans-peas,OK
black-eyed-beans-400g,Black Eyed Beans 400g,400g,Tinned Lentils; Beans,tinned-lentils-beans,tinned-lentils-beans,YES,prod_01KSQVBFHAMYRERVWYX1GRYHMY,tinned-products-parent,FIXED
brown-chick-peas,Brown Chick Peas 2kg,2kg,Lentils,dried-lentils-beans-peas,dried-lentils-beans-peas,NO,,,FIXED
brown-chick-peas1,Brown Chick Peas 500g,500g,Lentils,dried-lentils-beans-peas,dried-lentils-beans-peas,NO,,,FIXED
brown-lentils,Brown Lentils 2kg,2kg,Lentils,dried-lentils-beans-peas,dried-lentils-beans-peas,YES,prod_01KSQVC2WCT1FXBKPHBRGZMD8D,masoor-dal-red-lentils; dried-lentils-beans-peas,FIXED
brown-lentils1,Brown Lentils 500g,500g,Lentils,dried-lentils-beans-peas,dried-lentils-beans-peas,YES,prod_01KSQVC306NT16SBPCEG268HDZ,masoor-dal-red-lentils; dried-lentils-beans-peas,FIXED
butter-beans,Butter Beans 2kg,2kg,Beans,dried-lentils-beans-peas,dried-lentils-beans-peas,YES,prod_01KSQVC2KWNNTWPKK2YCD9MHY2,dried-lentils-beans-peas,OK
butter-beans1,Butter Beans 500g,500g,Beans,dried-lentils-beans-peas,dried-lentils-beans-peas,YES,prod_01KSQVC2R3KJ5D8HBATQJ9J74Z,dried-lentils-beans-peas,OK
chanadal,Chanadal Polished 1kg,1kg,Lentils,dried-lentils-beans-peas,dried-lentils-beans-peas,YES,prod_01KSQVC37RW3K6Y60NSJPAPE7J,seeds,FIXED
chanadal1,Chanadal Polished 2kg,2kg,Lentils,dried-lentils-beans-peas,dried-lentils-beans-peas,YES,prod_01KSQVC34FRJAVR2WB1QXWSAQG,seeds,FIXED
chanadal-case,Chanadal Full Case 4x1kg,4x1kg,Lentils,dried-lentils-beans-peas,dried-lentils-beans-peas,NO,,,FIXED
chickpea-case,Chick Peas Full Case 4x1kg,4x1kg,Lentils,dried-lentils-beans-peas,dried-lentils-beans-peas,YES,prod_01KSQVBG55DS8RS0XP9A8QK9G9,seeds,FIXED
chickpeas,Chick Peas 1kg,1kg,Lentils,dried-lentils-beans-peas,dried-lentils-beans-peas,NO,,,FIXED
chickpeas1,Chick Peas 2kg,2kg,Lentils,dried-lentils-beans-peas,dried-lentils-beans-peas,YES,prod_01KSQVBH3W76Y2PXAJ9435Q0K6,seeds,FIXED
chickpeas-tinned,Chick Peas 400g,400g,Tinned Lentils; Beans,tinned-lentils-beans,tinned-lentils-beans,NO,,,FIXED
chickpeas-tinned-case,Chick Peas Full Case 12x400g,12x400g,Tinned Lentils; Beans,tinned-lentils-beans,tinned-lentils-beans,YES,prod_01KSQVBGQPWME02JM7HJV08XDC,tinned-products-parent,FIXED
chickpeas-tinned-large,Chick Peas 2.5kg,2.5kg,Tinned Lentils; Beans,tinned-lentils-beans,tinned-lentils-beans,YES,prod_01KSQVBGYC58EZ7F6BQGM4E2J0,tinned-products-parent,FIXED
dariadal,Daria Dal 300g,300g,Daria Lentil Snack,namkeen-lentil-snacks,namkeen-lentil-snacks,YES,prod_01KSQVC4WQPEKVW91PAKC7EF6F,namkeen-lentil-snacks,OK
daria-gotta-large,Daria Gotta (Large) 700g,700g,Daria Lentil Snack,namkeen-lentil-snacks,namkeen-lentil-snacks,YES,prod_01KSQVC4S4WBCR9PMNBNPMY4Q8,namkeen-lentil-snacks,OK
daria-gotta-small,Daria Gotta (Small) 300g,300g,Daria Lentil Snack,namkeen-lentil-snacks,namkeen-lentil-snacks,YES,prod_01KSQVC4N1K05SCR5TEHGTP8FG,namkeen-lentil-snacks,OK
gram-roasted-salted,Gram Roasted Salted 300g,300g,Daria Lentil Snack,namkeen-lentil-snacks,namkeen-lentil-snacks,YES,prod_01KSQVC4GNGEA0KT370NW453YV,namkeen-lentil-snacks,OK
gram-roasted-unsalted,Gram Roasted Unsalted 300g,300g,Daria Lentil Snack,namkeen-lentil-snacks,namkeen-lentil-snacks,YES,prod_01KSQVC4CT4377X607X08CPTRS,namkeen-lentil-snacks,OK
green-lentils,Green Lentils 1kg,1kg,Lentils,dried-lentils-beans-peas,dried-lentils-beans-peas,YES,prod_01KSQVC3DTRGA927PNBZCDCQZ1,whole-moong-green; seeds,FIXED
green-lentils1,Green Lentils 2kg,2kg,Lentils,dried-lentils-beans-peas,dried-lentils-beans-peas,YES,prod_01KSQVC3KN8JZYPTBB84AAV227,whole-moong-green; seeds,FIXED
green-lentils-case,Green Lentils Full Case 4x1kg,4x1kg,Lentils,dried-lentils-beans-peas,dried-lentils-beans-peas,NO,,,FIXED
kala-chana-boiled,Kala Chana Boiled 400g,400g,Tinned Lentils; Beans,tinned-lentils-beans,tinned-lentils-beans,YES,prod_01KSQVBH7PZ4JB4RCA019MGE4Q,tinned-products-parent,FIXED
kala-chana-case,Kala Chana Boiled Full Case 12x400g,12x400g,Tinned Lentils; Beans,tinned-lentils-beans,tinned-lentils-beans,NO,,,FIXED
moth-beans,Moth Beans 2kg,2kg,Beans,dried-lentils-beans-peas,dried-lentils-beans-peas,NO,,,FIXED
moth-beans1,Moth Beans 500g,500g,Beans,dried-lentils-beans-peas,dried-lentils-beans-peas,NO,,,FIXED
mung-beans,Mung Beans 1kg,1kg,Beans,dried-lentils-beans-peas,dried-lentils-beans-peas,YES,prod_01KSQVC3Q7736ECCKFPW0P8QY7,dried-lentils-beans-peas,OK
mung-beans1,Mung Beans 2kg,2kg,Beans,dried-lentils-beans-peas,dried-lentils-beans-peas,YES,prod_01KSQVC3WAVHT6JJYRAJX1FKQZ,dried-lentils-beans-peas,OK
mung-beans-case,Mung Beans Full Case 4x1kg,4x1kg,Beans,dried-lentils-beans-peas,dried-lentils-beans-peas,NO,,,FIXED
mung-dal-yellow,Mung Dal Yellow 1kg,1kg,Lentils,dried-lentils-beans-peas,dried-lentils-beans-peas,YES,prod_01KSQVC48KWNAC3T8NZE69E5TE,seeds,FIXED
mung-dal-yellow-2kg,Mung Dal Yellow 2kg,2kg,Lentils,dried-lentils-beans-peas,dried-lentils-beans-peas,NO,,,FIXED
mung-dal-yellow-case,Mung Dal Yellow Full Case 4x1kg,4x1kg,Lentils,dried-lentils-beans-peas,dried-lentils-beans-peas,NO,,,FIXED
mungsplit,Mung Split 2kg,2kg,Lentils,dried-lentils-beans-peas,dried-lentils-beans-peas,YES,prod_01KSQVC3ZYV9TVF2YBA7D63MYR,moong-dal-yellow; dried-lentils-beans-peas,FIXED
mungsplit1,Mung Split 500g,500g,Lentils,dried-lentils-beans-peas,dried-lentils-beans-peas,YES,prod_01KSQVC44751MPTSXZ7N41C2QD,moong-dal-yellow; dried-lentils-beans-peas,FIXED
red-kidney-beans,Red Kidney Beans 1kg,1kg,Beans,dried-lentils-beans-peas,dried-lentils-beans-peas,YES,prod_01KSQVBHFFPRDE3BTWRRC83G53,dried-lentils-beans-peas,OK
red-kidney-beans2kg,Red Kidney Beans 2kg,2kg,Beans,dried-lentils-beans-peas,dried-lentils-beans-peas,YES,prod_01KSQVBHJV4W940EYY9Q5NY09X,seeds,FIXED
red-kidney-beans-case,Red Kidney Beans Full Case 4x1kg,4x1kg,Beans,dried-lentils-beans-peas,dried-lentils-beans-peas,NO,,,FIXED
red-kidney-fulltin,Red Kidney Beans Boiled Full Case 12x400g,12x400g,Tinned Lentils; Beans,tinned-lentils-beans,tinned-lentils-beans,YES,prod_01KSQVBGFQQ3GJTTBK5K71DW6R,tinned-products-parent,FIXED
red-kidney-tinned,Red Kidney Beans 400g,400g,Tinned Lentils; Beans,tinned-lentils-beans,tinned-lentils-beans,NO,,,FIXED
red-kidney-tinned-large,Red Kidney Beans 2.5kg,2.5kg,Tinned Lentils; Beans,tinned-lentils-beans,tinned-lentils-beans,YES,prod_01KSQVBGACNT03RE6QRVWR1TYF,tinned-products-parent,FIXED
red-lentils-case,Red Lentils Full Case 4x1kg,4x1kg,Lentils,dried-lentils-beans-peas,dried-lentils-beans-peas,NO,,,FIXED
red-lentils-polished,Red Lentils Polished 1kg,1kg,Lentils,dried-lentils-beans-peas,dried-lentils-beans-peas,NO,,,FIXED
red-lentils-polished1,Red Lentils Polished 2kg,2kg,Lentils,dried-lentils-beans-peas,dried-lentils-beans-peas,YES,prod_01KSQVCAET9WVXYPYBJGD7ZBPY,masoor-dal-red-lentils; raw-nuts,FIXED
rosecoco-beans,Rose Coco (Borlotti) Beans 2kg,2kg,Beans,dried-lentils-beans-peas,dried-lentils-beans-peas,NO,,,FIXED
rose-coco-beans,Rose Coco (Borlotti) Beans 400g,400g,Tinned Lentils; Beans,tinned-lentils-beans,tinned-lentils-beans,YES,prod_01KSQVBHQPPPEDB27BXR07XT4M,tinned-products-parent,FIXED
rosecoco-beans1,Rose Coco (Borlotti) Beans 500g,500g,Beans,dried-lentils-beans-peas,dried-lentils-beans-peas,NO,,,FIXED
rose-coco-beans-case,Rose Coco (Borlotti) Beans Full Case 12x400g,12x400g,Tinned Lentils; Beans,tinned-lentils-beans,tinned-lentils-beans,NO,,,FIXED
soyabeans,Soya Beans 2kg,2kg,Beans,soya-products,soya-products,YES,prod_01KSQVC9RS50G0798VQJANBPJQ,dried-lentils-beans-peas,FIXED
soyabeans1,Soya Beans 500g,500g,Beans,soya-products,soya-products,YES,prod_01KSQVC9W1B5JX7XH18WWWCP6G,dried-lentils-beans-peas,FIXED
soyachunks,Soya Chunks 700g,700g,Soya,soya-products,soya-products,YES,prod_01KSQVBFA50WF5R192RRQXCFG1,soya-products,OK
soyachunks1,Soya Chunks 350g,350g,Soya,soya-products,soya-products,YES,prod_01KSQVC9Z8CX77HDK29MR3EAEJ,soya-products,OK
soyamince,Soya Mince 300g,300g,Soya,soya-products,soya-products,YES,prod_01KSQVCA3CVDMHEK5SG1R8KB0V,soya-products,OK
toor-dal-oily,Toor Dal Oily 1kg,1kg,Lentils,dried-lentils-beans-peas,dried-lentils-beans-peas,NO,,,FIXED
toor-dal-oily1,Toor Dal Oily 2kg,2kg,Lentils,dried-lentils-beans-peas,dried-lentils-beans-peas,NO,,,FIXED
toor-dal-oily-case,Toor Dal Oily Full Case 4x1kg,4x1kg,Lentils,dried-lentils-beans-peas,dried-lentils-beans-peas,NO,,,FIXED
toor-dal-plain,Toor Dal Plain 2kg,2kg,Lentils,dried-lentils-beans-peas,dried-lentils-beans-peas,NO,,,FIXED
toor-dal-plain1,Toor Dal Plain 500g,500g,Lentils,dried-lentils-beans-peas,dried-lentils-beans-peas,NO,,,FIXED
toovar,Toovar 400g,400g,Tinned Lentils; Beans,tinned-lentils-beans,tinned-lentils-beans,YES,prod_01KSQVBHZ1F6NASCW62Z0F1B7W,tinned-products-parent,FIXED
toovar-full-case,Toovar Full Case 12x400g,12x400g,Tinned Lentils; Beans,tinned-lentils-beans,tinned-lentils-beans,NO,,,FIXED
uridbeans,Urid Beans 2kg,2kg,Beans,dried-lentils-beans-peas,dried-lentils-beans-peas,NO,,,FIXED
uridbeans1,Urid Beans 1kg,1kg,Beans,dried-lentils-beans-peas,dried-lentils-beans-peas,NO,,,FIXED
urid-beans-case,Urid Beans Full Case 4x1kg,4x1kg,Beans,dried-lentils-beans-peas,dried-lentils-beans-peas,NO,,,FIXED
urid-dal-white,Urid Dal White 2kg,2kg,Lentils,dried-lentils-beans-peas,dried-lentils-beans-peas,NO,,,FIXED
urid-dal-white1,Urid Dal White 1kg,1kg,Lentils,dried-lentils-beans-peas,dried-lentils-beans-peas,NO,,,FIXED
uridsplit,Urid Split 500g,500g,Lentils,dried-lentils-beans-peas,dried-lentils-beans-peas,NO,,,FIXED
uridsplit1,Urid Split 2kg,2kg,Lentils,dried-lentils-beans-peas,dried-lentils-beans-peas,NO,,,FIXED
urid-white-case,Urid Dal White Full Case 4x1kg,4x1kg,Lentils,dried-lentils-beans-peas,dried-lentils-beans-peas,NO,,,FIXED
white-kidney-fulltin,White Kidney Beans Boiled Full Case 12x400g,12x400g,Tinned Lentils; Beans,tinned-lentils-beans,tinned-lentils-beans,NO,,,FIXED
white-kidney-tinned,White Kidney Beans 400g,400g,Tinned Lentils; Beans,tinned-lentils-beans,tinned-lentils-beans,YES,prod_01KSQVBFPS6DQYSJ19RSNMSBWM,tinned-products-parent,FIXED
yellow-split-peas,Yellow Split Peas 1kg,1kg,Lentils,dried-lentils-beans-peas,dried-lentils-beans-peas,NO,,,FIXED
yellow-split-peas1,Yellow Split Peas 2kg,2kg,Lentils,dried-lentils-beans-peas,dried-lentils-beans-peas,NO,,,FIXED
yellow-split-peas-case,Yellow Split Peas Full Case 4x1kg,4x1kg,Lentils,dried-lentils-beans-peas,dried-lentils-beans-peas,NO,,,FIXED