variant_handle,vendor_handle,vendor_sku,cost_price_gbp,sourcing_depot,warehouse_aisle,lead_time_days,min_order_qty
hamdard-rooh-afza__generic-hamdard-rooh-afza-15l,multiple_suppliers,generic-generic-hamdard-rooh-afza-15l,,fresh_supplier,F1-F2,3,6,6
maaza-mango-drink__generic-maaza-mango-drink-1l,multiple_suppliers,generic-generic-maaza-mango-drink-1l,,fresh_supplier,F1-F2,3,6,6
aachi-kadugu-manga__aachi-kadugu-manga-300g,aachi_foods,aachi-aachi-kadugu-manga-300g,,default_depot,G1-G8,3,6,6
aachi-lemon-pickle__aachi-lemon-pickle-300g,aachi_foods,aachi-aachi-lemon-pickle-300g,,default_depot,G1-G8,3,6,6
aachi-mango-pickle__aachi-mango-pickle-500g,aachi_foods,aachi-aachi-mango-pickle-500g,,default_depot,G1-G8,3,6,6
aashirvaad-atta-select__aashirvaad-aashirvaad-atta-select-5kg,multiple_suppliers,aashirvaad-aashirvaad-aashirvaad-atta-select-5kg,,default_depot,G1-G8,3,6,6
aashirvaad-atta-select__aashirvaad-aashirvaad-atta-select-10kg,multiple_suppliers,aashirvaad-aashirvaad-aashirvaad-atta-select-10kg,,default_depot,G1-G8,3,6,6
amul-dark-chocolate__amul-dark-chocolate-150g,multiple_suppliers,amul-amul-dark-chocolate-150g,,default_depot,G1-G8,3,6,6
amul-pure-ghee__amul-ghee-1kg,multiple_suppliers,amul-amul-ghee-1kg,,default_depot,G1-G8,3,6,6
ashoka-bombay-potato__ashoka-bombay-potato-280g,ashoka_foods,ashoka-ashoka-bombay-potato-280g,,default_depot,G1-G8,3,6,6
ashoka-butter-chicken__ashoka-butter-chicken-280g,ashoka_foods,ashoka-ashoka-butter-chicken-280g,,default_depot,G1-G8,3,6,6
ashoka-chana-masala__ashoka-chana-masala-280g,ashoka_foods,ashoka-ashoka-chana-masala-280g,,default_depot,G1-G8,3,6,6
ashoka-dal-makhani__ashoka-dal-makhani-280g,ashoka_foods,ashoka-ashoka-dal-makhani-280g,,default_depot,G1-G8,3,6,6
ashoka-mutter-paneer__ashoka-mutter-paneer-280g,ashoka_foods,ashoka-ashoka-mutter-paneer-280g,,default_depot,G1-G8,3,6,6
ashoka-palak-paneer__ashoka-palak-paneer-280g,ashoka_foods,ashoka-ashoka-palak-paneer-280g,,default_depot,G1-G8,3,6,6
ashoka-rajma-masala__ashoka-rajma-masala-280g,ashoka_foods,ashoka-ashoka-rajma-masala-280g,,default_depot,G1-G8,3,6,6
ashoka-tarka-dhal__ashoka-tarka-dhal-280g,ashoka_foods,ashoka-ashoka-tarka-dhal-280g,,default_depot,G1-G8,3,6,6
bikaji-gulab-jamun-tin__bikaji-gulab-jamun-tin-1kg,bikaji_foods,bikaji-bikaji-gulab-jamun-tin-1kg,,default_depot,G1-G8,3,6,6
bikaji-khatta-meetha__bikaji-khatta-meetha-200g,bikaji_foods,bikaji-bikaji-khatta-meetha-200g,,default_depot,G1-G8,3,6,6
bikaji-soan-papdi__bikaji-soan-papdi-500g,bikaji_foods,bikaji-bikaji-soan-papdi-500g,,default_depot,G1-G8,3,6,6
bournvita__bournvita-500g,multiple_suppliers,bournvita-bournvita-500g,,default_depot,G1-G8,3,6,6
bovonto-grape-300ml-6pack__bovonto-grape-6pack,multiple_suppliers,bovonto-bovonto-grape-6pack,,default_depot,G1-G8,3,6,6
britannia-bourbon-cream__britannia-britannia-bourbon-cream-200g,britannia_ind,britannia-britannia-britannia-bourbon-cream-200g,,default_depot,G1-G8,3,6,6
britannia-good-day-butter-cookies__britannia-britannia-good-day-butter-cookies-150g,britannia_ind,britannia-britannia-britannia-good-day-butter-cookies-150g,,default_depot,G1-G8,3,6,6
britannia-good-day-cashew-cookies__britannia-britannia-good-day-cashew-cookies-150g,britannia_ind,britannia-britannia-britannia-good-day-cashew-cookies-150g,,default_depot,G1-G8,3,6,6
britannia-marie-gold__britannia-britannia-marie-gold-200g,britannia_ind,britannia-britannia-britannia-marie-gold-200g,,default_depot,G1-G8,3,6,6
brooke-bond-red-label__brooke-bond-tea-500g,multiple_suppliers,brooke-bond-brooke-bond-tea-500g,,default_depot,G1-G8,3,6,6
brooke-bond-red-label__brooke-bond-tea-1kg,multiple_suppliers,brooke-bond-brooke-bond-tea-1kg,,default_depot,G1-G8,3,6,6
bru-instant-coffee__bru-coffee-100g,multiple_suppliers,bru-bru-coffee-100g,,default_depot,G1-G8,3,6,6
cadbury-5star-import-6pack__cadbury-5star-6pack,mondelez_india,cadbury-cadbury-5star-6pack,,default_depot,G1-G8,3,6,6
cadbury-gems-import-6pack__cadbury-gems-6pack,mondelez_india,cadbury-cadbury-gems-6pack,,default_depot,G1-G8,3,6,6
cadbury-perk-import-6pack__cadbury-perk-6pack,mondelez_india,cadbury-cadbury-perk-6pack,,default_depot,G1-G8,3,6,6
chings-hakka-noodles__chings-hakka-noodles-240g,multiple_suppliers,chings-secret-chings-hakka-noodles-240g,,default_depot,G1-G8,3,6,6
chings-schezwan-noodles__chings-schezwan-noodles-240g,multiple_suppliers,chings-secret-chings-schezwan-noodles-240g,,default_depot,G1-G8,3,6,6
chings-schezwan-sauce__chings-schezwan-sauce-250g,multiple_suppliers,chings-secret-chings-schezwan-sauce-250g,,default_depot,G1-G8,3,6,6
daawat-rozana-basmati__daawat-daawat-rozana-basmati-5kg,multiple_suppliers,daawat-daawat-daawat-rozana-basmati-5kg,,default_depot,G1-G8,3,6,6
dabur-chyawanprash__dabur-chyawanprash-500g,multiple_suppliers,dabur-dabur-chyawanprash-500g,,default_depot,G1-G8,3,6,6
east-end-chana-dal__east-end-chana-dal-2kg,east_end_foods,east-end-east-end-chana-dal-2kg,,default_depot,G1-G8,3,6,6
east-end-coriander-powder__east-end-coriander-powder-400g,east_end_foods,east-end-east-end-coriander-powder-400g,,default_depot,G1-G8,3,6,6
east-end-ginger-garlic-paste__east-end-gg-paste-1kg,east_end_foods,east-end-east-end-gg-paste-1kg,,default_depot,G1-G8,3,6,6
east-end-kabuli-chana__east-end-kabuli-chana-2kg,east_end_foods,east-end-east-end-kabuli-chana-2kg,,default_depot,G1-G8,3,6,6
east-end-kashmiri-chilli__east-end-kashmiri-chilli-200g,east_end_foods,east-end-east-end-kashmiri-chilli-200g,,default_depot,G1-G8,3,6,6
east-end-moong-dal__east-end-moong-dal-2kg,east_end_foods,east-end-east-end-moong-dal-2kg,,default_depot,G1-G8,3,6,6
east-end-red-split-lentils__east-end-red-split-lentils-2kg,east_end_foods,east-end-east-end-red-split-lentils-2kg,,default_depot,G1-G8,3,6,6
east-end-sooji-fine__east-end-sooji-fine-500g,east_end_foods,east-end-east-end-sooji-fine-500g,,default_depot,G1-G8,3,6,6
east-end-toor-dal-oily__east-end-toor-dal-oily-2kg,east_end_foods,east-end-east-end-toor-dal-oily-2kg,,default_depot,G1-G8,3,6,6
east-end-urad-dal-black-whole__east-end-urad-black-whole-2kg,east_end_foods,east-end-east-end-urad-black-whole-2kg,,default_depot,G1-G8,3,6,6
elephant-atta-chakki-fresh__elephant-elephant-atta-chakki-fresh-5kg,multiple_suppliers,elephant-elephant-elephant-atta-chakki-fresh-5kg,,default_depot,G1-G8,3,6,6
elephant-atta-chakki-fresh__elephant-elephant-atta-chakki-fresh-10kg,multiple_suppliers,elephant-elephant-elephant-atta-chakki-fresh-10kg,,default_depot,G1-G8,3,6,6
everest-garam-masala__everest-garam-masala-100g,everest_spices,everest-everest-garam-masala-100g,,default_depot,G1-G8,3,6,6
everest-pav-bhaji-masala__everest-pav-bhaji-100g,everest_spices,everest-everest-pav-bhaji-100g,,default_depot,G1-G8,3,6,6
everest-sambhar-masala__everest-sambhar-masala-100g,everest_spices,everest-everest-sambhar-masala-100g,,default_depot,G1-G8,3,6,6
everest-tea-masala__everest-tea-masala-100g,everest_spices,everest-everest-tea-masala-100g,,default_depot,G1-G8,3,6,6
falak-super-basmati__falak-falak-super-basmati-5kg,multiple_suppliers,falak-falak-falak-super-basmati-5kg,,default_depot,G1-G8,3,6,6
frooti-mango__frooti-mango-1l,multiple_suppliers,frooti-frooti-mango-1l,,default_depot,G1-G8,3,6,6
girnar-masala-chai-teabags-100__girnar-chai-100bags,multiple_suppliers,girnar-girnar-chai-100bags,,default_depot,G1-G8,3,6,6
glucon-d-mango__glucon-d-mango-500g,multiple_suppliers,glucon-d-glucon-d-mango-500g,,default_depot,G1-G8,3,6,6
hajmola-digestive-jar-100tabs__hajmola-jar-100tabs,multiple_suppliers,hajmola-hajmola-jar-100tabs,,default_depot,G1-G8,3,6,6
haldirams-aloo-bhujia__haldirams-haldirams-aloo-bhujia-400g,haldiram_snacks,haldirams-haldirams-haldirams-aloo-bhujia-400g,,default_depot,G1-G8,3,6,6
haldirams-aloo-bhujia__haldirams-haldirams-aloo-bhujia-1kg,haldiram_snacks,haldirams-haldirams-haldirams-aloo-bhujia-1kg,,default_depot,G1-G8,3,6,6
haldirams-gulab-jamun-tin__haldirams-haldirams-gulab-jamun-tin-500g,haldiram_snacks,haldirams-haldirams-haldirams-gulab-jamun-tin-500g,,default_depot,G1-G8,3,6,6
haldirams-gulab-jamun-tin__haldirams-haldirams-gulab-jamun-tin-1kg,haldiram_snacks,haldirams-haldirams-haldirams-gulab-jamun-tin-1kg,,default_depot,G1-G8,3,6,6
haldirams-moong-dal__haldirams-haldirams-moong-dal-400g,haldiram_snacks,haldirams-haldirams-haldirams-moong-dal-400g,,default_depot,G1-G8,3,6,6
haldirams-rasgulla-tin__haldirams-haldirams-rasgulla-tin-1kg,haldiram_snacks,haldirams-haldirams-haldirams-rasgulla-tin-1kg,,default_depot,G1-G8,3,6,6
haldirams-soan-papdi__haldirams-haldirams-soan-papdi-500g,haldiram_snacks,haldirams-haldirams-haldirams-soan-papdi-500g,,default_depot,G1-G8,3,6,6
haldirams-mathri__haldirams-mathri-200g,haldiram_snacks,haldirams-haldirams-mathri-200g,,default_depot,G1-G8,3,6,6
rooh-afza__rooh-afza-750ml,multiple_suppliers,hamdard-rooh-afza-750ml,,default_depot,G1-G8,3,6,6
rooh-afza__rooh-afza-1-5l,multiple_suppliers,hamdard-rooh-afza-1-5l,,default_depot,G1-G8,3,6,6
horlicks-original__horlicks-500g,multiple_suppliers,horlicks-horlicks-500g,,default_depot,G1-G8,3,6,6
idhayam-sesame-oil__idhayam-sesame-oil-1l,multiple_suppliers,idhayam-idhayam-sesame-oil-1l,,default_depot,G1-G8,3,6,6
karachi-bakery-fruit-biscuits__karachi-fruit-biscuits-400g,multiple_suppliers,karachi-bakery-karachi-fruit-biscuits-400g,,default_depot,G1-G8,3,6,6
karachi-bakery-osmania-biscuits__karachi-osmania-biscuits-400g,multiple_suppliers,karachi-bakery-karachi-osmania-biscuits-400g,,default_depot,G1-G8,3,6,6
kohinoor-extra-long-basmati__kohinoor-kohinoor-extra-long-basmati-2kg,multiple_suppliers,kohinoor-kohinoor-kohinoor-extra-long-basmati-2kg,,default_depot,G1-G8,3,6,6
kohinoor-extra-long-basmati__kohinoor-kohinoor-extra-long-basmati-5kg,multiple_suppliers,kohinoor-kohinoor-kohinoor-extra-long-basmati-5kg,,default_depot,G1-G8,3,6,6
lal-qilla-premium-basmati__lal-qilla-lal-qilla-premium-basmati-5kg,multiple_suppliers,lal-qilla-lal-qilla-lal-qilla-premium-basmati-5kg,,default_depot,G1-G8,3,6,6
lal-qilla-premium-basmati__lal-qilla-lal-qilla-premium-basmati-10kg,multiple_suppliers,lal-qilla-lal-qilla-lal-qilla-premium-basmati-10kg,,default_depot,G1-G8,3,6,6
laziza-gajar-halwa-mix__laziza-gajar-halwa-150g,laziza_foods,laziza-laziza-gajar-halwa-150g,,default_depot,G1-G8,3,6,6
laziza-gulab-jamun-mix__laziza-gulab-jamun-200g,laziza_foods,laziza-laziza-gulab-jamun-200g,,default_depot,G1-G8,3,6,6
laziza-kheer-mix__laziza-kheer-mix-150g,laziza_foods,laziza-laziza-kheer-mix-150g,,default_depot,G1-G8,3,6,6
laziza-kulfi-mix__laziza-kulfi-mix-150g,laziza_foods,laziza-laziza-kulfi-mix-150g,,default_depot,G1-G8,3,6,6
laziza-rasmalai-mix__laziza-rasmalai-mix-200g,laziza_foods,laziza-laziza-rasmalai-mix-200g,,default_depot,G1-G8,3,6,6
laziza-zarda-mix__laziza-zarda-mix-150g,laziza_foods,laziza-laziza-zarda-mix-150g,,default_depot,G1-G8,3,6,6
leo-coffee-pure__leo-coffee-200g,multiple_suppliers,leo-coffee-leo-coffee-200g,,default_depot,G1-G8,3,6,6
lg-asafoetida-hing__lg-hing-100g,multiple_suppliers,lg-lg-hing-100g,,default_depot,G1-G8,3,6,6
lijjat-moong-dal-papad__lijjat-lijjat-moong-dal-papad-200g,shri_mahila,lijjat-lijjat-lijjat-moong-dal-papad-200g,,default_depot,G1-G8,3,6,12
lijjat-urad-papad-extra-thin__lijjat-lijjat-urad-papad-extra-thin-200g,shri_mahila,lijjat-lijjat-lijjat-urad-papad-extra-thin-200g,,default_depot,G1-G8,3,6,12
lijjat-urad-special-papad__lijjat-lijjat-urad-special-papad-200g,shri_mahila,lijjat-lijjat-lijjat-urad-special-papad-200g,,default_depot,G1-G8,3,6,12
maggi-2-minute-noodles-masala-4-pack__maggi-maggi-2-minute-noodles-masala-4-pack,nestle_india,maggi-maggi-maggi-2-minute-noodles-masala-4-pack,,default_depot,G1-G8,3,6,6
maggi-2-minute-noodles-masala-8-pack__maggi-maggi-2-minute-noodles-masala-8-pack-8-pack,nestle_india,maggi-maggi-maggi-2-minute-noodles-masala-8-pack-8-pack,,default_depot,G1-G8,3,6,6
maggi-hot-sweet-sauce__maggi-maggi-hot-sweet-sauce-400g,nestle_india,maggi-maggi-maggi-hot-sweet-sauce-400g,,default_depot,G1-G8,3,6,6
maggi-noodles-masala-4pack__maggi-masala-4pack,nestle_india,maggi-maggi-masala-4pack,,default_depot,G1-G8,3,6,6
maggi-noodles-masala-8pack__maggi-masala-8pack,nestle_india,maggi-maggi-masala-8pack,,default_depot,G1-G8,3,6,6
mdh-sambar-masala__mdh-sambar-masala-100g,mdh_spices,mdh-mdh-sambar-masala-100g,,default_depot,G1-G8,3,6,6
mtr-dosa-mix__mtr-dosa-mix-500g,mtr_foods,mtr-mtr-dosa-mix-500g,,default_depot,G1-G8,3,6,6
mtr-gulab-jamun-tin__mtr-gulab-jamun-tin-500g,mtr_foods,mtr-mtr-gulab-jamun-tin-500g,,default_depot,G1-G8,3,6,6
mtr-idli-mix__mtr-idli-mix-500g,mtr_foods,mtr-mtr-idli-mix-500g,,default_depot,G1-G8,3,6,6
mtr-khaman-dhokla-mix__mtr-dhokla-mix-500g,mtr_foods,mtr-mtr-dhokla-mix-500g,,default_depot,G1-G8,3,6,6
mtr-rasmalai-tin__mtr-rasmalai-tin-500g,mtr_foods,mtr-mtr-rasmalai-tin-500g,,default_depot,G1-G8,3,6,6
mtr-rava-dosa-mix__mtr-rava-dosa-mix-500g,mtr_foods,mtr-mtr-rava-dosa-mix-500g,,default_depot,G1-G8,3,6,6
mtr-rava-idli-mix__mtr-rava-idli-mix-500g,mtr_foods,mtr-mtr-rava-idli-mix-500g,,default_depot,G1-G8,3,6,6
mtr-roasted-vermicelli__mtr-vermicelli-400g,mtr_foods,mtr-mtr-vermicelli-400g,,default_depot,G1-G8,3,6,6
mtr-upma-mix__mtr-upma-mix-500g,mtr_foods,mtr-mtr-upma-mix-500g,,default_depot,G1-G8,3,6,6
mtr-vada-mix__mtr-vada-mix-200g,mtr_foods,mtr-mtr-vada-mix-200g,,default_depot,G1-G8,3,6,6
14681551307137__natco-spiced-tea-masala-blend-160s,natco_foods,natco-natco-spiced-tea-masala-blend-160s,,depot_b,B1-B3,3,6,6
15097116393857__natco-lemon-juicetr,natco_foods,natco-natco-lemon-juicetr,,depot_b,B1-B3,3,6,6
15097122881921__natco-lemon-juice-500ml,natco_foods,natco-natco-lemon-juice-500ml,,depot_b,B1-B3,3,6,6
15097233015169__natco-lemon-juice-with-essential-oil-200ml,natco_foods,natco-natco-lemon-juice-with-essential-oil-200ml,,depot_b,B1-B3,3,6,6
15383643226497__natco-pure-mustard-oiltr,natco_foods,natco-natco-pure-mustard-oiltr,,depot_b,B1-B3,3,6,6
15383683334529__natco-pure-mustard-oil-250ml,natco_foods,natco-natco-pure-mustard-oil-250ml,,depot_b,B1-B3,3,6,6
4567655219272__natco-rose-water-310ml,natco_foods,natco-natco-rose-water-310ml,,depot_b,B1-B3,3,6,6
4567655284808__natco-kevda-water-310ml,natco_foods,natco-natco-kevda-water-310ml,,depot_b,B1-B3,3,6,6
4567655350344__natco-coconut-flavouring-essence-28ml,natco_foods,natco-natco-coconut-flavouring-essence-28ml,,depot_b,B1-B3,3,6,6
4567655383112__natco-pineapple-flavouring-essence-28ml,natco_foods,natco-natco-pineapple-flavouring-essence-28ml,,depot_b,B1-B3,3,6,6
4567655448648__natco-strawberry-flavouring-essence-28ml,natco_foods,natco-natco-strawberry-flavouring-essence-28ml,,depot_b,B1-B3,3,6,6
4567655514184__natco-rose-flavouring-essence-28ml,natco_foods,natco-natco-rose-flavouring-essence-28ml,,depot_b,B1-B3,3,6,6
4567655612488__natco-almond-flavouring-essence-28ml,natco_foods,natco-natco-almond-flavouring-essence-28ml,,depot_b,B1-B3,3,6,6
4567655678024__natco-vanilla-flavouring-essence-28ml,natco_foods,natco-natco-vanilla-flavouring-essence-28ml,,depot_b,B1-B3,3,6,6
4567655743560__natco-green-food-colouring-liquid-28ml,natco_foods,natco-natco-green-food-colouring-liquid-28ml,,depot_b,B1-B3,3,6,6
4567655841864__natco-red-food-colouring-liquid-28ml,natco_foods,natco-natco-red-food-colouring-liquid-28ml,,depot_b,B1-B3,3,6,6
4567655874632__natco-orange-food-colouring-liquid-28ml,natco_foods,natco-natco-orange-food-colouring-liquid-28ml,,depot_b,B1-B3,3,6,6
4567655972936__natco-green-food-colouring-powder-25g,natco_foods,natco-natco-green-food-colouring-powder-25g,,depot_b,B1-B3,3,6,6
4567656005704__natco-red-food-colouring-powder-25g,natco_foods,natco-natco-red-food-colouring-powder-25g,,depot_b,B1-B3,3,6,6
4567656071240__natco-orange-food-colouring-powder-25g,natco_foods,natco-natco-orange-food-colouring-powder-25g,,depot_b,B1-B3,3,6,6
4567656104008__natco-yellow-food-colouring-powder-25g,natco_foods,natco-natco-yellow-food-colouring-powder-25g,,depot_b,B1-B3,3,6,6
4567656169544__natco-tandoori-masala-jar-100g,natco_foods,natco-natco-tandoori-masala-jar-100g,,depot_b,B1-B3,3,6,6
4567656759368__natco-garam-masala-jar-80g,natco_foods,natco-natco-garam-masala-jar-80g,,depot_b,B1-B3,3,6,6
4567656988744__natco-coriander-ground-jar-70g,natco_foods,natco-natco-coriander-ground-jar-70g,,depot_b,B1-B3,3,6,6
4567657054280__natco-cloves-jar-50g,natco_foods,natco-natco-cloves-jar-50g,,depot_b,B1-B3,3,6,6
4567657087048__natco-cinnamon-ground-jar-100g,natco_foods,natco-natco-cinnamon-ground-jar-100g,,depot_b,B1-B3,3,6,6
4567657119816__natco-cassia-dalchini-jar-50g,natco_foods,natco-natco-cassia-dalchini-jar-50g,,depot_b,B1-B3,3,6,6
4567657185352__natco-chilli-powder-hot-jar-100g,natco_foods,natco-natco-chilli-powder-hot-jar-100g,,depot_b,B1-B3,3,6,6
4567657250888__natco-chilli-crushed-jar-80g,natco_foods,natco-natco-chilli-crushed-jar-80g,,depot_b,B1-B3,3,6,6
4567657316424__natco-cardamom-green-jar-50g,natco_foods,natco-natco-cardamom-green-jar-50g,,depot_b,B1-B3,3,6,6
4567657381960__natco-bay-leaves-jar-10g,natco_foods,natco-natco-bay-leaves-jar-10g,,depot_b,B1-B3,3,6,6
4567657447496__natco-asafoetida-hing-jar-100g,natco_foods,natco-natco-asafoetida-hing-jar-100g,,depot_b,B1-B3,3,6,6
4567657513032__natco-aniseed-star-jar-40g,natco_foods,natco-natco-aniseed-star-jar-40g,,depot_b,B1-B3,3,6,6
4567657545800__natco-amchoor-powder-jar-100g,natco_foods,natco-natco-amchoor-powder-jar-100g,,depot_b,B1-B3,3,6,6
4567657578568__natco-ajwan-seeds-jar-100g,natco_foods,natco-natco-ajwan-seeds-jar-100g,,depot_b,B1-B3,3,6,6
4567657644104__natco-tandoori-masala-400g,natco_foods,natco-natco-tandoori-masala-400g,,depot_b,B1-B3,3,6,6
4567658135624__natco-mixed-masala-whole-300g,natco_foods,natco-natco-mixed-masala-whole-300g,,depot_b,B1-B3,3,6,6
4567658168392__natco-kasuri-methi-leaves-100g,natco_foods,natco-natco-kasuri-methi-leaves-100g,,depot_b,B1-B3,3,6,6
4567658627144__natco-garam-masala-400g,natco_foods,natco-natco-garam-masala-400g,,depot_b,B1-B3,3,6,6
4567659905096__natco-vermice-taposdini-fedelini-500g,natco_foods,natco-natco-vermice-taposdini-fedelini-500g,,depot_b,B1-B3,3,6,6
4567660134472__natco-black-chia-seeds-250g,natco_foods,natco-natco-black-chia-seeds-250g,,depot_b,B1-B3,3,6,6
4567660167240__natco-peanut-gachak-peanut-brittle-400g,natco_foods,natco-natco-peanut-gachak-peanut-brittle-400g,,depot_b,B1-B3,3,6,6
4567660298312__natco-sugar-candy-375g,natco_foods,natco-natco-sugar-candy-375g,,depot_b,B1-B3,3,6,6
4567660396616__natco-soya-mince-300g,natco_foods,natco-natco-soya-mince-300g,,depot_b,B1-B3,3,6,6
4567660527688__natco-soya-chunks-700g,natco_foods,natco-natco-soya-chunks-700g,,depot_b,B1-B3,3,6,6
4567660527688__natco-soya-chunks-350g,natco_foods,natco-natco-soya-chunks-350g,,depot_b,B1-B3,3,6,6
4567660560456__natco-sesame-seeds-hulled-15kg,natco_foods,natco-natco-sesame-seeds-hulled-15kg,,depot_b,B1-B3,3,6,6
4567660593224__natco-sesame-seeds-natural-400g,natco_foods,natco-natco-sesame-seeds-natural-400g,,depot_b,B1-B3,3,6,6
4567660658760__natco-sagoo-seeds-medium-15kg,natco_foods,natco-natco-sagoo-seeds-medium-15kg,,depot_b,B1-B3,3,6,6
4567660724296__natco-sunflower-seeds-1kg,natco_foods,natco-natco-sunflower-seeds-1kg,,depot_b,B1-B3,3,6,6
4567660724296__natco-sunflower-seeds-300g,natco_foods,natco-natco-sunflower-seeds-300g,,depot_b,B1-B3,3,6,6
4567660757064__natco-powa-medium-flaked-rice-1kg,natco_foods,natco-natco-powa-medium-flaked-rice-1kg,,depot_b,B1-B3,3,6,6
4567660855368__natco-white-poppy-seeds-300g,natco_foods,natco-natco-white-poppy-seeds-300g,,depot_b,B1-B3,3,6,6
4567660855368__natco-white-poppy-seeds-100g,natco_foods,natco-natco-white-poppy-seeds-100g,,depot_b,B1-B3,3,6,6
4567660920904__natco-linseed-brown-1kg,natco_foods,natco-natco-linseed-brown-1kg,,depot_b,B1-B3,3,6,6
4567660920904__natco-linseed-brown-400g,natco_foods,natco-natco-linseed-brown-400g,,depot_b,B1-B3,3,6,6
4567660953672__natco-pumpkin-seeds-250g,natco_foods,natco-natco-pumpkin-seeds-250g,,depot_b,B1-B3,3,6,6
4567661051976__natco-popcorn-2kg,natco_foods,natco-natco-popcorn-2kg,,depot_b,B1-B3,3,6,6
4567661051976__natco-popcorn-500g,natco_foods,natco-natco-popcorn-500g,,depot_b,B1-B3,3,6,6
4567661084744__natco-crispy-fried-onions-150g,natco_foods,natco-natco-crispy-fried-onions-150g,,depot_b,B1-B3,3,6,6
4567661084744__natco-crispy-fried-onions-400g,natco_foods,natco-natco-crispy-fried-onions-400g,,depot_b,B1-B3,3,6,6
4567661183048__natco-jaggery-500g,natco_foods,natco-natco-jaggery-500g,,depot_b,B1-B3,3,6,6
4567661248584__natco-daria-dal-300g,natco_foods,natco-natco-daria-dal-300g,,depot_b,B1-B3,3,6,6
4567661281352__natco-phool-makhana-popped-lotus-seeds-100g,natco_foods,natco-natco-phool-makhana-popped-lotus-seeds-100g,,depot_b,B1-B3,3,6,6
4567661314120__natco-daria-gotta-large-700g,natco_foods,natco-natco-daria-gotta-large-700g,,depot_b,B1-B3,3,6,6
4567661379656__natco-daria-gotta-small-300g,natco_foods,natco-natco-daria-gotta-small-300g,,depot_b,B1-B3,3,6,6
4567661412424__natco-gram-roasted-salted-300g,natco_foods,natco-natco-gram-roasted-salted-300g,,depot_b,B1-B3,3,6,6
4567661445192__natco-gram-roasted-unsalted-300g,natco_foods,natco-natco-gram-roasted-unsalted-300g,,depot_b,B1-B3,3,6,6
4567661477960__natco-idli-rice-5kg,natco_foods,natco-natco-idli-rice-5kg,,depot_b,B1-B3,3,6,6
4567661543496__natco-ponni-rice-5kg,natco_foods,natco-natco-ponni-rice-5kg,,depot_b,B1-B3,3,6,6
4567661674568__natco-sona-masuri-rice-5kg,natco_foods,natco-natco-sona-masuri-rice-5kg,,depot_b,B1-B3,3,6,6
4567661772872__natco-easycook-parboiled-rice-5kg,natco_foods,natco-natco-easycook-parboiled-rice-5kg,,depot_b,B1-B3,3,6,6
4567661838408__natco-long-grain-white-rice-5kg,natco_foods,natco-natco-long-grain-white-rice-5kg,,depot_b,B1-B3,3,6,6
4567661871176__natco-basmati-rice-kernel-5kg,natco_foods,natco-natco-basmati-rice-kernel-5kg,,depot_b,B1-B3,3,6,6
4567662002248__natco-basmati-rice-india-2kg,natco_foods,natco-natco-basmati-rice-india-2kg,,depot_b,B1-B3,3,6,6
4567662067784__natco-basmati-rice-india-bag-5kg,natco_foods,natco-natco-basmati-rice-india-bag-5kg,,depot_b,B1-B3,3,6,6
4567662166088__natco-pappadoms-madras-papa-brand-250g,natco_foods,natco-natco-pappadoms-madras-papa-brand-250g,,depot_b,B1-B3,3,6,6
4567662362696__natco-pappadoms-madras-coin-size-200g,natco_foods,natco-natco-pappadoms-madras-coin-size-200g,,depot_b,B1-B3,3,6,6
4567662461000__natco-pappadoms-punjabi-microwavable-200g,natco_foods,natco-natco-pappadoms-punjabi-microwavable-200g,,depot_b,B1-B3,3,6,6
4567662493768__natco-pappadoms-plain-microwavable-200g,natco_foods,natco-natco-pappadoms-plain-microwavable-200g,,depot_b,B1-B3,3,6,6
4567662526536__natco-pappadoms-jeera-microwavable-200g,natco_foods,natco-natco-pappadoms-jeera-microwavable-200g,,depot_b,B1-B3,3,6,6
4567662559304__natco-pappadoms-black-pepper-200g,natco_foods,natco-natco-pappadoms-black-pepper-200g,,depot_b,B1-B3,3,6,6
4567662919752__natco-luxury-fruit-nuts-mix-750g,natco_foods,natco-natco-luxury-fruit-nuts-mix-750g,,depot_b,B1-B3,3,6,6
4567662952520__natco-luxury-fruit-nut-mix-250g,natco_foods,natco-natco-luxury-fruit-nut-mix-250g,,depot_b,B1-B3,3,6,6
4567663214664__natco-pistachio-kernels-1kg,natco_foods,natco-natco-pistachio-kernels-1kg,,depot_b,B1-B3,3,6,6
4567663214664__natco-pistachio-kernels-250g,natco_foods,natco-natco-pistachio-kernels-250g,,depot_b,B1-B3,3,6,6
4567663214664__natco-pistachio-kernels-100g,natco_foods,natco-natco-pistachio-kernels-100g,,depot_b,B1-B3,3,6,6
4567663378504__natco-roasted-salted-pistachio-nuts-1kg,natco_foods,natco-natco-roasted-salted-pistachio-nuts-1kg,,depot_b,B1-B3,3,6,6
4567663378504__natco-roasted-salted-pistachio-nuts-300g,natco_foods,natco-natco-roasted-salted-pistachio-nuts-300g,,depot_b,B1-B3,3,6,6
4567663378504__natco-roasted-salted-pistachio-nuts-100g,natco_foods,natco-natco-roasted-salted-pistachio-nuts-100g,,depot_b,B1-B3,3,6,6
4567663411272__natco-roasted-monkey-nuts-300g,natco_foods,natco-natco-roasted-monkey-nuts-300g,,depot_b,B1-B3,3,6,6
4567663575112__natco-peanuts-red-1kg,natco_foods,natco-natco-peanuts-red-1kg,,depot_b,B1-B3,3,6,6
4567663575112__natco-peanuts-red-400g,natco_foods,natco-natco-peanuts-red-400g,,depot_b,B1-B3,3,6,6
4567663607880__natco-coconut-halves-250g,natco_foods,natco-natco-coconut-halves-250g,,depot_b,B1-B3,3,6,6
4567663673416__natco-coconut-flakes-200g,natco_foods,natco-natco-coconut-flakes-200g,,depot_b,B1-B3,3,6,6
4567663804488__natco-coconut-milk-powder-300g,natco_foods,natco-natco-coconut-milk-powder-300g,,depot_b,B1-B3,3,6,6
4567663837256__natco-coconut-desiccated-fine-300g,natco_foods,natco-natco-coconut-desiccated-fine-300g,,depot_b,B1-B3,3,6,6
4567663870024__natco-coconut-desicated-medium-1kg,natco_foods,natco-natco-coconut-desicated-medium-1kg,,depot_b,B1-B3,3,6,6
4567664558152__natco-cashew-roasted-salted-250g,natco_foods,natco-natco-cashew-roasted-salted-250g,,depot_b,B1-B3,3,6,6
4567664590920__natco-cashew-large-white-pieces-750g,natco_foods,natco-natco-cashew-large-white-pieces-750g,,depot_b,B1-B3,3,6,6
4567664656456__natco-cashew-split-1kg,natco_foods,natco-natco-cashew-split-1kg,,depot_b,B1-B3,3,6,6
4567664689224__natco-cashew-kernel-300g,natco_foods,natco-natco-cashew-kernel-300g,,depot_b,B1-B3,3,6,6
4567664689224__natco-cashew-kernel-1kg,natco_foods,natco-natco-cashew-kernel-1kg,,depot_b,B1-B3,3,6,6
4567664787528__natco-walnut-halves-700g,natco_foods,natco-natco-walnut-halves-700g,,depot_b,B1-B3,3,6,6
4567664787528__natco-walnut-halves-200g,natco_foods,natco-natco-walnut-halves-200g,,depot_b,B1-B3,3,6,6
4567664820296__natco-pecans-200g,natco_foods,natco-natco-pecans-200g,,depot_b,B1-B3,3,6,6
4567664885832__natco-almond-blanched-whole-250g,natco_foods,natco-natco-almond-blanched-whole-250g,,depot_b,B1-B3,3,6,6
4567664918600__natco-blanched-almond-whole-700g,natco_foods,natco-natco-blanched-almond-whole-700g,,depot_b,B1-B3,3,6,6
4567664984136__natco-almond-flakes-1kg,natco_foods,natco-natco-almond-flakes-1kg,,depot_b,B1-B3,3,6,6
4567664984136__natco-almond-flakes-300g,natco_foods,natco-natco-almond-flakes-300g,,depot_b,B1-B3,3,6,6
4567665016904__natco-almonds-ground-300g,natco_foods,natco-natco-almonds-ground-300g,,depot_b,B1-B3,3,6,6
4567665115208__natco-almonds-1kg,natco_foods,natco-natco-almonds-1kg,,depot_b,B1-B3,3,6,6
4567665115208__natco-almonds-400g,natco_foods,natco-natco-almonds-400g,,depot_b,B1-B3,3,6,6
4567665147976__natco-pavbhaji-masala-mangal-100g,natco_foods,natco-natco-pavbhaji-masala-mangal-100g,,depot_b,B1-B3,3,6,6
4567665180744__natco-biryani-masala-mangal-50g,natco_foods,natco-natco-biryani-masala-mangal-50g,,depot_b,B1-B3,3,6,6
4567665213512__natco-chicken-masala-mangal-100g,natco_foods,natco-natco-chicken-masala-mangal-100g,,depot_b,B1-B3,3,6,6
4567665279048__natco-sambhar-masala-mangal-100g,natco_foods,natco-natco-sambhar-masala-mangal-100g,,depot_b,B1-B3,3,6,6
4567665344584__natco-pickle-masala-mangal-125g,natco_foods,natco-natco-pickle-masala-mangal-125g,,depot_b,B1-B3,3,6,6
4567665377352__natco-meat-masala-mangal-100g,natco_foods,natco-natco-meat-masala-mangal-100g,,depot_b,B1-B3,3,6,6
4567665442888__natco-chat-masala-mangal-100g,natco_foods,natco-natco-chat-masala-mangal-100g,,depot_b,B1-B3,3,6,6
4567665475656__natco-chana-masala-mangal-100g,natco_foods,natco-natco-chana-masala-mangal-100g,,depot_b,B1-B3,3,6,6
4567665508424__natco-anardana-powder-mangal-100g,natco_foods,natco-natco-anardana-powder-mangal-100g,,depot_b,B1-B3,3,6,6
4567665573960__natco-soya-beans-2kg,natco_foods,natco-natco-soya-beans-2kg,,depot_b,B1-B3,3,6,6
4567665573960__natco-soya-beans-500g,natco_foods,natco-natco-soya-beans-500g,,depot_b,B1-B3,3,6,6
4567666524232__natco-red-lentils-polished-2kg,natco_foods,natco-natco-red-lentils-polished-2kg,,depot_b,B1-B3,3,6,6
4567666524232__natco-red-lentils-polished-1kg,natco_foods,natco-natco-red-lentils-polished-1kg,,depot_b,B1-B3,3,6,6
4567666917448__natco-mung-dal-yellow-1kg,natco_foods,natco-natco-mung-dal-yellow-1kg,,depot_b,B1-B3,3,6,6
4567666917448__natco-mung-dal-yellow-2kg,natco_foods,natco-natco-mung-dal-yellow-2kg,,depot_b,B1-B3,3,6,6
4567666982984__natco-mung-split-2kg,natco_foods,natco-natco-mung-split-2kg,,depot_b,B1-B3,3,6,6
4567666982984__natco-mung-split-500g,natco_foods,natco-natco-mung-split-500g,,depot_b,B1-B3,3,6,6
4567667081288__natco-mung-beans-1kg,natco_foods,natco-natco-mung-beans-1kg,,depot_b,B1-B3,3,6,6
4567667081288__natco-mung-beans-2kg,natco_foods,natco-natco-mung-beans-2kg,,depot_b,B1-B3,3,6,6
4567667212360__natco-green-lentils-1kg,natco_foods,natco-natco-green-lentils-1kg,,depot_b,B1-B3,3,6,6
4567667212360__natco-green-lentils-2kg,natco_foods,natco-natco-green-lentils-2kg,,depot_b,B1-B3,3,6,6
4567667310664__natco-chanadal-polished-2kg,natco_foods,natco-natco-chanadal-polished-2kg,,depot_b,B1-B3,3,6,6
4567667310664__natco-chanadal-polished-1kg,natco_foods,natco-natco-chanadal-polished-1kg,,depot_b,B1-B3,3,6,6
4567667376200__natco-brown-lentils-2kg,natco_foods,natco-natco-brown-lentils-2kg,,depot_b,B1-B3,3,6,6
4567667376200__natco-brown-lentils-500g,natco_foods,natco-natco-brown-lentils-500g,,depot_b,B1-B3,3,6,6
4567667474504__natco-butter-beans-2kg,natco_foods,natco-natco-butter-beans-2kg,,depot_b,B1-B3,3,6,6
4567667474504__natco-butter-beans-500g,natco_foods,natco-natco-butter-beans-500g,,depot_b,B1-B3,3,6,6
4567667572808__natco-black-eye-beans-2kg,natco_foods,natco-natco-black-eye-beans-2kg,,depot_b,B1-B3,3,6,6
4567667572808__natco-black-eye-beans-500g,natco_foods,natco-natco-black-eye-beans-500g,,depot_b,B1-B3,3,6,6
4567667638344__natco-alubia-beans-2kg,natco_foods,natco-natco-alubia-beans-2kg,,depot_b,B1-B3,3,6,6
4567667638344__natco-alubia-beans-500g,natco_foods,natco-natco-alubia-beans-500g,,depot_b,B1-B3,3,6,6
4567667671112__natco-coconut-water-330ml,natco_foods,natco-natco-coconut-water-330ml,,depot_b,B1-B3,3,6,6
4567667671112__natco-coconut-water-1l,natco_foods,natco-natco-coconut-water-1l,,depot_b,B1-B3,3,6,6
4567667769416__natco-rose-syrup-725ml,natco_foods,natco-natco-rose-syrup-725ml,,depot_b,B1-B3,3,6,6
4567667834952__natco-dried-tarragon-25g,natco_foods,natco-natco-dried-tarragon-25g,,depot_b,B1-B3,3,6,6
4567667867720__natco-sage-jar-25g,natco_foods,natco-natco-sage-jar-25g,,depot_b,B1-B3,3,6,6
4567667933256__natco-parsley-jar-25g,natco_foods,natco-natco-parsley-jar-25g,,depot_b,B1-B3,3,6,6
4567667966024__natco-oregano-jar-25g,natco_foods,natco-natco-oregano-jar-25g,,depot_b,B1-B3,3,6,6
4567668064328__natco-mixed-herbs-jar-25g,natco_foods,natco-natco-mixed-herbs-jar-25g,,depot_b,B1-B3,3,6,6
4567668097096__natco-mint-jar-30g,natco_foods,natco-natco-mint-jar-30g,,depot_b,B1-B3,3,6,6
4567668162632__natco-marjoram-jar-20g,natco_foods,natco-natco-marjoram-jar-20g,,depot_b,B1-B3,3,6,6
4567668195400__natco-coriander-leaves-jar-25g,natco_foods,natco-natco-coriander-leaves-jar-25g,,depot_b,B1-B3,3,6,6
4567668260936__natco-basil-jar-25g,natco_foods,natco-natco-basil-jar-25g,,depot_b,B1-B3,3,6,6
4567668326472__natco-milk-powder-750g,natco_foods,natco-natco-milk-powder-750g,,depot_b,B1-B3,3,6,6
4567668326472__natco-milk-powder-300g,natco_foods,natco-natco-milk-powder-300g,,depot_b,B1-B3,3,6,6
4567668523080__natco-ragi-flour-900g,natco_foods,natco-natco-ragi-flour-900g,,depot_b,B1-B3,3,6,6
4567668555848__natco-millet-bajri-flour-900g,natco_foods,natco-natco-millet-bajri-flour-900g,,depot_b,B1-B3,3,6,6
4567668588616__natco-couscous-500g,natco_foods,natco-natco-couscous-500g,,depot_b,B1-B3,3,6,6
4567668621384__natco-semolina-extra-coarse-15kg,natco_foods,natco-natco-semolina-extra-coarse-15kg,,depot_b,B1-B3,3,6,6
4567668719688__natco-semolina-coarse-15kg,natco_foods,natco-natco-semolina-coarse-15kg,,depot_b,B1-B3,3,6,6
4567668719688__natco-semolina-coarse-500g,natco_foods,natco-natco-semolina-coarse-500g,,depot_b,B1-B3,3,6,6
4567668817992__natco-semolina-fine-15kg,natco_foods,natco-natco-semolina-fine-15kg,,depot_b,B1-B3,3,6,6
4567668817992__natco-semolina-fine-500g,natco_foods,natco-natco-semolina-fine-500g,,depot_b,B1-B3,3,6,6
4567668850760__natco-rice-flour-500g,natco_foods,natco-natco-rice-flour-500g,,depot_b,B1-B3,3,6,6
4567668981832__natco-ground-rice-15kg,natco_foods,natco-natco-ground-rice-15kg,,depot_b,B1-B3,3,6,6
4567668981832__natco-ground-rice-500g,natco_foods,natco-natco-ground-rice-500g,,depot_b,B1-B3,3,6,6
4567669047368__natco-gram-flour-papa-brand-2kg,natco_foods,natco-natco-gram-flour-papa-brand-2kg,,depot_b,B1-B3,3,6,6
4567669309512__natco-gram-flour-superfine-2kg,natco_foods,natco-natco-gram-flour-superfine-2kg,,depot_b,B1-B3,3,6,6
4567669309512__natco-gram-flour-superfine-1kg,natco_foods,natco-natco-gram-flour-superfine-1kg,,depot_b,B1-B3,3,6,6
4567669309512__natco-gram-flour-superfine-500g,natco_foods,natco-natco-gram-flour-superfine-500g,,depot_b,B1-B3,3,6,6
4567669342280__natco-white-maize-meal-15kg,natco_foods,natco-natco-white-maize-meal-15kg,,depot_b,B1-B3,3,6,6
4567669506120__natco-cornmeal-medium-15kg,natco_foods,natco-natco-cornmeal-medium-15kg,,depot_b,B1-B3,3,6,6
4567669506120__natco-cornmeal-medium-500g,natco_foods,natco-natco-cornmeal-medium-500g,,depot_b,B1-B3,3,6,6
4567669604424__natco-cornmeal-fine-15kg,natco_foods,natco-natco-cornmeal-fine-15kg,,depot_b,B1-B3,3,6,6
4567669604424__natco-cornmeal-fine-500g,natco_foods,natco-natco-cornmeal-fine-500g,,depot_b,B1-B3,3,6,6
4567669735496__natco-chakki-atta-multigrain-5kg,natco_foods,natco-natco-chakki-atta-multigrain-5kg,,depot_b,B1-B3,3,6,6
4567669833800__natco-chapati-flour-medium-15kg,natco_foods,natco-natco-chapati-flour-medium-15kg,,depot_b,B1-B3,3,6,6
4567669866568__natco-chapati-flour-white-15kg,natco_foods,natco-natco-chapati-flour-white-15kg,,depot_b,B1-B3,3,6,6
4567669932104__natco-golden-raisins-1kg,natco_foods,natco-natco-golden-raisins-1kg,,depot_b,B1-B3,3,6,6
4567669932104__natco-golden-raisins-100g,natco_foods,natco-natco-golden-raisins-100g,,depot_b,B1-B3,3,6,6
4567670030408__natco-toovar-400g,natco_foods,natco-natco-toovar-400g,,depot_b,B1-B3,3,6,6
4567670095944__natco-suran-yam-400g,natco_foods,natco-natco-suran-yam-400g,,depot_b,B1-B3,3,6,6
4567670161480__natco-punjabi-tinda-full-case-12x400g-400g,natco_foods,natco-natco-punjabi-tinda-full-case-12x400g-400g,,depot_b,B1-B3,3,6,6
4567670423624__natco-okra-full-case-12x400g-400g,natco_foods,natco-natco-okra-full-case-12x400g-400g,,depot_b,B1-B3,3,6,6
4567670521928__natco-lotus-root-400g,natco_foods,natco-natco-lotus-root-400g,,depot_b,B1-B3,3,6,6
4567670620232__natco-karela-400g,natco_foods,natco-natco-karela-400g,,depot_b,B1-B3,3,6,6
4567670816840__natco-sarson-ka-saag-450g,natco_foods,natco-natco-sarson-ka-saag-450g,,depot_b,B1-B3,3,6,6
4567670915144__natco-patra-400g,natco_foods,natco-natco-patra-400g,,depot_b,B1-B3,3,6,6
4567670980680__natco-tomatoes-chopped-full-case-12x400g-400g,natco_foods,natco-natco-tomatoes-chopped-full-case-12x400g-400g,,depot_b,B1-B3,3,6,6
4567671144520__natco-tomatoes-peeled-400g,natco_foods,natco-natco-tomatoes-peeled-400g,,depot_b,B1-B3,3,6,6
4567671210056__natco-tomato-paste-800g,natco_foods,natco-natco-tomato-paste-800g,,depot_b,B1-B3,3,6,6
4567671406664__natco-spinach-leaf-396g,natco_foods,natco-natco-spinach-leaf-396g,,depot_b,B1-B3,3,6,6
4567671504968__natco-rose-coco-borlotti-beans-400g,natco_foods,natco-natco-rose-coco-borlotti-beans-400g,,depot_b,B1-B3,3,6,6
4567671504968__natco-rose-coco-borlotti-beans-2kg,natco_foods,natco-natco-rose-coco-borlotti-beans-2kg,,depot_b,B1-B3,3,6,6
4567671504968__natco-rose-coco-borlotti-beans-500g,natco_foods,natco-natco-rose-coco-borlotti-beans-500g,,depot_b,B1-B3,3,6,6
4567671832648__natco-coconut-oil-parachute-brand-500ml,natco_foods,natco-natco-coconut-oil-parachute-brand-500ml,,depot_b,B1-B3,3,6,6
4567671865416__natco-olive-oil-extra-virgin-500ml,natco_foods,natco-natco-olive-oil-extra-virgin-500ml,,depot_b,B1-B3,3,6,6
4567671930952__natco-mango-pulp-kesar-850g,natco_foods,natco-natco-mango-pulp-kesar-850g,,depot_b,B1-B3,3,6,6
4567671963720__natco-mango-slices-alphonso-425g,natco_foods,natco-natco-mango-slices-alphonso-425g,,depot_b,B1-B3,3,6,6
4567671996488__natco-mango-pulp-alphonso-450g,natco_foods,natco-natco-mango-pulp-alphonso-450g,,depot_b,B1-B3,3,6,6
4567672029256__natco-ghee-pure-butter-1kg,natco_foods,natco-natco-ghee-pure-butter-1kg,,depot_b,B1-B3,3,6,6
4567672127560__natco-ghee-pure-plough-brand-500g,natco_foods,natco-natco-ghee-pure-plough-brand-500g,,depot_b,B1-B3,3,6,6
4567672193096__natco-kala-chana-boiled-400g,natco_foods,natco-natco-kala-chana-boiled-400g,,depot_b,B1-B3,3,6,6
4567672488008__natco-coconut-cream-400ml,natco_foods,natco-natco-coconut-cream-400ml,,depot_b,B1-B3,3,6,6
4567672553544__natco-coconut-milk-light-400ml,natco_foods,natco-natco-coconut-milk-light-400ml,,depot_b,B1-B3,3,6,6
4567672619080__natco-coconut-milk-400ml,natco_foods,natco-natco-coconut-milk-400ml,,depot_b,B1-B3,3,6,6
4567672651848__natco-coriander-mint-sauce-340g,natco_foods,natco-natco-coriander-mint-sauce-340g,,depot_b,B1-B3,3,6,6
4567672717384__natco-tamarind-date-sauce-340g,natco_foods,natco-natco-tamarind-date-sauce-340g,,depot_b,B1-B3,3,6,6
4567672750152__natco-garlic-chilli-sauce-340g,natco_foods,natco-natco-garlic-chilli-sauce-340g,,depot_b,B1-B3,3,6,6
4567672815688__natco-chilli-sauce-hot-310g,natco_foods,natco-natco-chilli-sauce-hot-310g,,depot_b,B1-B3,3,6,6
4567672848456__natco-tamarind-sauce-340g,natco_foods,natco-natco-tamarind-sauce-340g,,depot_b,B1-B3,3,6,6
4567672881224__natco-bombay-sandwich-spread-280g,natco_foods,natco-natco-bombay-sandwich-spread-280g,,depot_b,B1-B3,3,6,6
4567672913992__natco-garlic-ginger-paste-190g,natco_foods,natco-natco-garlic-ginger-paste-190g,,depot_b,B1-B3,3,6,6
4567672946760__natco-ginger-paste-190g,natco_foods,natco-natco-ginger-paste-190g,,depot_b,B1-B3,3,6,6
4567672979528__natco-garlic-paste-190g,natco_foods,natco-natco-garlic-paste-190g,,depot_b,B1-B3,3,6,6
4567673012296__natco-garlic-pickle-300g,natco_foods,natco-natco-garlic-pickle-300g,,depot_b,B1-B3,3,6,6
4567673045064__natco-mango-chutney-sweet-340g,natco_foods,natco-natco-mango-chutney-sweet-340g,,depot_b,B1-B3,3,6,6
4567673077832__natco-mango-chutney-spicy-340g,natco_foods,natco-natco-mango-chutney-spicy-340g,,depot_b,B1-B3,3,6,6
4567673143368__natco-thecha-chilli-paste-300g,natco_foods,natco-natco-thecha-chilli-paste-300g,,depot_b,B1-B3,3,6,6
4567673208904__natco-brinjal-chutney-sweet-300g,natco_foods,natco-natco-brinjal-chutney-sweet-300g,,depot_b,B1-B3,3,6,6
4567673241672__natco-chundo-chutney-sweet-340g,natco_foods,natco-natco-chundo-chutney-sweet-340g,,depot_b,B1-B3,3,6,6
4567673274440__natco-gorkeri-chutney-sweet-300g,natco_foods,natco-natco-gorkeri-chutney-sweet-300g,,depot_b,B1-B3,3,6,6
4567673405512__natco-lime-pickle-hot-300g,natco_foods,natco-natco-lime-pickle-hot-300g,,depot_b,B1-B3,3,6,6
4567673438280__natco-mixed-pickle-300g,natco_foods,natco-natco-mixed-pickle-300g,,depot_b,B1-B3,3,6,6
4567673602120__natco-chilli-pickle-hot-300g,natco_foods,natco-natco-chilli-pickle-hot-300g,,depot_b,B1-B3,3,6,6
4567673667656__natco-mango-pickle-hot-300g,natco_foods,natco-natco-mango-pickle-hot-300g,,depot_b,B1-B3,3,6,6
4583223066696__natco-chick-peas-25kg,natco_foods,natco-natco-chick-peas-25kg,,depot_b,B1-B3,3,6,6
4583223066696__natco-chick-peas-2kg,natco_foods,natco-natco-chick-peas-2kg,,depot_b,B1-B3,3,6,6
4583223165000__natco-chick-peas-full-case-12x400g-400g,natco_foods,natco-natco-chick-peas-full-case-12x400g-400g,,depot_b,B1-B3,3,6,6
4583223263304__natco-pomace-olive-oil-5-litre,natco_foods,natco-natco-pomace-olive-oil-5-litre,,depot_b,B1-B3,3,6,6
4583223263304__natco-pomace-olive-oil-1-litre,natco_foods,natco-natco-pomace-olive-oil-1-litre,,depot_b,B1-B3,3,6,6
4583223296072__natco-pomace-olive-oil-blenditres,natco_foods,natco-natco-pomace-olive-oil-blenditres,,depot_b,B1-B3,3,6,6
4583223361608__natco-red-kidney-beans-boiled-full-case-12x400g-400g,natco_foods,natco-natco-red-kidney-beans-boiled-full-case-12x400g-400g,,depot_b,B1-B3,3,6,6
4583223394376__natco-red-kidney-beans-25kg,natco_foods,natco-natco-red-kidney-beans-25kg,,depot_b,B1-B3,3,6,6
4583223394376__natco-red-kidney-beans-1kg,natco_foods,natco-natco-red-kidney-beans-1kg,,depot_b,B1-B3,3,6,6
4583223394376__natco-red-kidney-beans-2kg,natco_foods,natco-natco-red-kidney-beans-2kg,,depot_b,B1-B3,3,6,6
4583223754824__natco-chick-peas-full-case-4x1kg-1kg,natco_foods,natco-natco-chick-peas-full-case-4x1kg-1kg,,depot_b,B1-B3,3,6,6
4583223853128__natco-coconut-flour-200g,natco_foods,natco-natco-coconut-flour-200g,,depot_b,B1-B3,3,6,6
4583223853128__natco-coconut-flour-1kg,natco_foods,natco-natco-coconut-flour-1kg,,depot_b,B1-B3,3,6,6
4583224016968__natco-all-purpose-seasoning-100g,natco_foods,natco-natco-all-purpose-seasoning-100g,,depot_b,B1-B3,3,6,6
4583224016968__natco-all-purpose-seasoning-400g,natco_foods,natco-natco-all-purpose-seasoning-400g,,depot_b,B1-B3,3,6,6
4641502855240__natco-pine-nuts-75g,natco_foods,natco-natco-pine-nuts-75g,,depot_b,B1-B3,3,6,6
4641506558024__natco-mamra-basmati-908g,natco_foods,natco-natco-mamra-basmati-908g,,depot_b,B1-B3,3,6,6
4641506558024__natco-mamra-basmati-200g,natco_foods,natco-natco-mamra-basmati-200g,,depot_b,B1-B3,3,6,6
5864191590472__natco-big-d-salted-peanuts-24x50g-50g,natco_foods,natco-natco-big-d-salted-peanuts-24x50g-50g,,depot_b,B1-B3,3,6,6
5864194801736__natco-big-d-honey-roast-peanuts-12x50g-packs-on-a-pub-card-12x50g,natco_foods,natco-natco-big-d-honey-roast-peanuts-12x50g-packs-on-a-pub-card-12x50g,,depot_b,B1-B3,3,6,6
6535757660232__natco-bhel-puri-kit-500g,natco_foods,natco-natco-bhel-puri-kit-500g,,depot_b,B1-B3,3,6,6
6562924986440__natco-big-d-salted-cashews-12x30g-cards-12x30g,natco_foods,natco-natco-big-d-salted-cashews-12x30g-cards-12x30g,,depot_b,B1-B3,3,6,6
6579342409800__natco-white-kidney-beans-400g,natco_foods,natco-natco-white-kidney-beans-400g,,depot_b,B1-B3,3,6,6
6617796804680__natco-spinach-puree-395g,natco_foods,natco-natco-spinach-puree-395g,,depot_b,B1-B3,3,6,6
6617796804680__natco-spinach-puree-794g,natco_foods,natco-natco-spinach-puree-794g,,depot_b,B1-B3,3,6,6
6647387652168__natco-black-eyed-beans-400g,natco_foods,natco-natco-black-eyed-beans-400g,,depot_b,B1-B3,3,6,6
6666589044808__natco-pure-sesame-oil-1-litre,natco_foods,natco-natco-pure-sesame-oil-1-litre,,depot_b,B1-B3,3,6,6
6666589044808__natco-pure-sesame-oil-250ml,natco_foods,natco-natco-pure-sesame-oil-250ml,,depot_b,B1-B3,3,6,6
6666589306952__natco-groundnut-oil-1-litre,natco_foods,natco-natco-groundnut-oil-1-litre,,depot_b,B1-B3,3,6,6
6666589536328__natco-pure-linseed-oil-250ml,natco_foods,natco-natco-pure-linseed-oil-250ml,,depot_b,B1-B3,3,6,6
6666591010888__natco-castor-oil-250ml,natco_foods,natco-natco-castor-oil-250ml,,depot_b,B1-B3,3,6,6
6666608541768__natco-almond-oil-500ml,natco_foods,natco-natco-almond-oil-500ml,,depot_b,B1-B3,3,6,6
6666608541768__natco-almond-oil-250ml,natco_foods,natco-natco-almond-oil-250ml,,depot_b,B1-B3,3,6,6
6804638728264__natco-rosemary-jar-40g,natco_foods,natco-natco-rosemary-jar-40g,,depot_b,B1-B3,3,6,6
6804650754120__natco-demerara-sugar-500g,natco_foods,natco-natco-demerara-sugar-500g,,depot_b,B1-B3,3,6,6
6804650754120__natco-demerara-sugar-15kg,natco_foods,natco-natco-demerara-sugar-15kg,,depot_b,B1-B3,3,6,6
6804786282568__natco-whole-birdseye-chilli-jar-40g,natco_foods,natco-natco-whole-birdseye-chilli-jar-40g,,depot_b,B1-B3,3,6,6
6804786282568__natco-whole-birdseye-chilli-jar-50g,natco_foods,natco-natco-whole-birdseye-chilli-jar-50g,,depot_b,B1-B3,3,6,6
6842634403912__natco-coriander-seeds-jar-60g,natco_foods,natco-natco-coriander-seeds-jar-60g,,depot_b,B1-B3,3,6,6
6842634403912__natco-coriander-seeds-jar-65g,natco_foods,natco-natco-coriander-seeds-jar-65g,,depot_b,B1-B3,3,6,6
ajwanseeds__natco-ajwan-seeds-300g,natco_foods,natco-natco-ajwan-seeds-300g,,depot_b,B1-B3,3,6,6
amchoor-powder__natco-amchoor-powder-400g,natco_foods,natco-natco-amchoor-powder-400g,,depot_b,B1-B3,3,6,6
black-pepper-coarse__natco-black-pepper-coarse-300g,natco_foods,natco-natco-black-pepper-coarse-300g,,depot_b,B1-B3,3,6,6
black-pepper-coarse__natco-black-pepper-coarse-1kg,natco_foods,natco-natco-black-pepper-coarse-1kg,,depot_b,B1-B3,3,6,6
black-pepper-coarse__natco-black-pepper-coarse-100g,natco_foods,natco-natco-black-pepper-coarse-100g,,depot_b,B1-B3,3,6,6
black-pepper-ground__natco-black-pepper-ground-400g,natco_foods,natco-natco-black-pepper-ground-400g,,depot_b,B1-B3,3,6,6
black-pepper-ground-jar__natco-black-pepper-ground-jar-100g,natco_foods,natco-natco-black-pepper-ground-jar-100g,,depot_b,B1-B3,3,6,6
black-pepper-whole__natco-black-pepper-whole-1kg,natco_foods,natco-natco-black-pepper-whole-1kg,,depot_b,B1-B3,3,6,6
black-pepper-whole__natco-black-pepper-whole-300g,natco_foods,natco-natco-black-pepper-whole-300g,,depot_b,B1-B3,3,6,6
black-pepper-whole-jar__natco-black-pepper-whole-jar-100g,natco_foods,natco-natco-black-pepper-whole-jar-100g,,depot_b,B1-B3,3,6,6
brown-chick-peas__natco-brown-chick-peas-2kg,natco_foods,natco-natco-brown-chick-peas-2kg,,depot_b,B1-B3,3,6,6
brown-chick-peas__natco-brown-chick-peas-500g,natco_foods,natco-natco-brown-chick-peas-500g,,depot_b,B1-B3,3,6,6
cardamom-green-ground__natco-cardamom-green-ground-50g,natco_foods,natco-natco-cardamom-green-ground-50g,,depot_b,B1-B3,3,6,6
cardamomgreen__natco-cardamom-green-200g,natco_foods,natco-natco-cardamom-green-200g,,depot_b,B1-B3,3,6,6
cardamomseeds__natco-cardamom-seeds-100g,natco_foods,natco-natco-cardamom-seeds-100g,,depot_b,B1-B3,3,6,6
cassia__natco-cassia-dalchini-400g,natco_foods,natco-natco-cassia-dalchini-400g,,depot_b,B1-B3,3,6,6
chilli-powder__natco-chilli-powder-1kg,natco_foods,natco-natco-chilli-powder-1kg,,depot_b,B1-B3,3,6,6
chilli-powder__natco-chilli-powder-100g,natco_foods,natco-natco-chilli-powder-100g,,depot_b,B1-B3,3,6,6
chilli-powder-extra-hot__natco-chilli-powder-extra-hot-400g,natco_foods,natco-natco-chilli-powder-extra-hot-400g,,depot_b,B1-B3,3,6,6
chilli-powder-kashmiri1__natco-chilli-powder-kashmiri-100g,natco_foods,natco-natco-chilli-powder-kashmiri-100g,,depot_b,B1-B3,3,6,6
chilli-powder-kashmiri1__natco-chilli-powder-kashmiri-400g,natco_foods,natco-natco-chilli-powder-kashmiri-400g,,depot_b,B1-B3,3,6,6
chilli-whole-birdseye__natco-chilli-whole-birdseye-150g,natco_foods,natco-natco-chilli-whole-birdseye-150g,,depot_b,B1-B3,3,6,6
chilli-whole-stemless__natco-chilli-whole-stemless-200g,natco_foods,natco-natco-chilli-whole-stemless-200g,,depot_b,B1-B3,3,6,6
chinese-5-spice__natco-chinese-5-spice-100g,natco_foods,natco-natco-chinese-5-spice-100g,,depot_b,B1-B3,3,6,6
cinnamon-sticks__natco-cinnamon-sticks-50g,natco_foods,natco-natco-cinnamon-sticks-50g,,depot_b,B1-B3,3,6,6
cloves__natco-cloves-200g,natco_foods,natco-natco-cloves-200g,,depot_b,B1-B3,3,6,6
cloves-ground__natco-cloves-ground-50g,natco_foods,natco-natco-cloves-ground-50g,,depot_b,B1-B3,3,6,6
coriander-ground__natco-coriander-ground-400g,natco_foods,natco-natco-coriander-ground-400g,,depot_b,B1-B3,3,6,6
coriander-seeds__natco-coriander-seeds-300g,natco_foods,natco-natco-coriander-seeds-300g,,depot_b,B1-B3,3,6,6
crushed-chilli__natco-chilli-crushed-300g,natco_foods,natco-natco-chilli-crushed-300g,,depot_b,B1-B3,3,6,6
cumin-ground-jars__natco-cumin-ground-jar-70g,natco_foods,natco-natco-cumin-ground-jar-70g,,depot_b,B1-B3,3,6,6
cumin-ground1__natco-cumin-ground-100g,natco_foods,natco-natco-cumin-ground-100g,,depot_b,B1-B3,3,6,6
cumin-ground1__natco-cumin-ground-400g,natco_foods,natco-natco-cumin-ground-400g,,depot_b,B1-B3,3,6,6
cumin-seeds__natco-cumin-seeds-400g,natco_foods,natco-natco-cumin-seeds-400g,,depot_b,B1-B3,3,6,6
cumin-seeds-black__natco-cumin-seeds-black-100g,natco_foods,natco-natco-cumin-seeds-black-100g,,depot_b,B1-B3,3,6,6
cumin-seeds-jar__natco-cumin-seeds-jar-100g,natco_foods,natco-natco-cumin-seeds-jar-100g,,depot_b,B1-B3,3,6,6
curry-powder__natco-curry-powder-400g,natco_foods,natco-natco-curry-powder-400g,,depot_b,B1-B3,3,6,6
curry-powder-hot__natco-curry-powder-hot-400g,natco_foods,natco-natco-curry-powder-hot-400g,,depot_b,B1-B3,3,6,6
curry-powder-hot__natco-curry-powder-hot-100g,natco_foods,natco-natco-curry-powder-hot-100g,,depot_b,B1-B3,3,6,6
curry-powder-medium-jar__natco-curry-powder-medium-jar-100g,natco_foods,natco-natco-curry-powder-medium-jar-100g,,depot_b,B1-B3,3,6,6
curryleaves__natco-curry-leaves-100g,natco_foods,natco-natco-curry-leaves-100g,,depot_b,B1-B3,3,6,6
fennel-seeds__natco-fennel-seeds-400g,natco_foods,natco-natco-fennel-seeds-400g,,depot_b,B1-B3,3,6,6
fennel-seeds-jar__natco-fennel-seeds-jar-100g,natco_foods,natco-natco-fennel-seeds-jar-100g,,depot_b,B1-B3,3,6,6
garlic-flakes__natco-garlic-flakes-100g,natco_foods,natco-natco-garlic-flakes-100g,,depot_b,B1-B3,3,6,6
garlic-powder__natco-garlic-powder-100g,natco_foods,natco-natco-garlic-powder-100g,,depot_b,B1-B3,3,6,6
garlic-powder-jar__natco-garlic-powder-jar-100g,natco_foods,natco-natco-garlic-powder-jar-100g,,depot_b,B1-B3,3,6,6
ginger-powder__natco-ginger-powder-100g,natco_foods,natco-natco-ginger-powder-100g,,depot_b,B1-B3,3,6,6
ground-ginger-jar__natco-ground-ginger-jar-70g,natco_foods,natco-natco-ground-ginger-jar-70g,,depot_b,B1-B3,3,6,6
kalanamak__natco-kala-namak-300g,natco_foods,natco-natco-kala-namak-300g,,depot_b,B1-B3,3,6,6
kalanamak__natco-kala-namak-100g,natco_foods,natco-natco-kala-namak-100g,,depot_b,B1-B3,3,6,6
mace-ground__natco-mace-ground-50g,natco_foods,natco-natco-mace-ground-50g,,depot_b,B1-B3,3,6,6
methi-leaves-jar__natco-methi-leaves-jar-10g,natco_foods,natco-natco-methi-leaves-jar-10g,,depot_b,B1-B3,3,6,6
methi-seeds__natco-methi-seeds-fenugreek-400g,natco_foods,natco-natco-methi-seeds-fenugreek-400g,,depot_b,B1-B3,3,6,6
methi-seeds-jar__natco-methi-seeds-jar-100g,natco_foods,natco-natco-methi-seeds-jar-100g,,depot_b,B1-B3,3,6,6
moth-beans__natco-moth-beans-2kg,natco_foods,natco-natco-moth-beans-2kg,,depot_b,B1-B3,3,6,6
moth-beans__natco-moth-beans-500g,natco_foods,natco-natco-moth-beans-500g,,depot_b,B1-B3,3,6,6
mustard-seeds__natco-mustard-seeds-400g,natco_foods,natco-natco-mustard-seeds-400g,,depot_b,B1-B3,3,6,6
mustard-seeds-black-jar__natco-mustard-seeds-black-jar-100g,natco_foods,natco-natco-mustard-seeds-black-jar-100g,,depot_b,B1-B3,3,6,6
nigella-seeds__natco-kalwanji-nigella-seeds-300g,natco_foods,natco-natco-kalwanji-nigella-seeds-300g,,depot_b,B1-B3,3,6,6
nigella-seeds-jar__natco-kalwanji-nigella-seeds-jar-100g,natco_foods,natco-natco-kalwanji-nigella-seeds-jar-100g,,depot_b,B1-B3,3,6,6
nutmeg-ground__natco-nutmeg-ground-50g,natco_foods,natco-natco-nutmeg-ground-50g,,depot_b,B1-B3,3,6,6
nutmeg-ground-jar__natco-nutmeg-ground-jar-100g,natco_foods,natco-natco-nutmeg-ground-jar-100g,,depot_b,B1-B3,3,6,6
nutmeg-whole-jar__natco-nutmeg-whole-jar-100g,natco_foods,natco-natco-nutmeg-whole-jar-100g,,depot_b,B1-B3,3,6,6
panchpuran-whole-spice__natco-panchpuran-5-whole-spice-1kg,natco_foods,natco-natco-panchpuran-5-whole-spice-1kg,,depot_b,B1-B3,3,6,6
paprika-powder__natco-paprika-powder-400g,natco_foods,natco-natco-paprika-powder-400g,,depot_b,B1-B3,3,6,6
paprika-powder-jar__natco-paprika-powder-jar-100g,natco_foods,natco-natco-paprika-powder-jar-100g,,depot_b,B1-B3,3,6,6
saffron__natco-saffron-1g,natco_foods,natco-natco-saffron-1g,,depot_b,B1-B3,3,6,6
takmuria__natco-takmuria-basil-seeds-100g,natco_foods,natco-natco-takmuria-basil-seeds-100g,,depot_b,B1-B3,3,6,6
tamarind-paste-jar__natco-tamarind-paste-jar-250g,natco_foods,natco-natco-tamarind-paste-jar-250g,,depot_b,B1-B3,3,6,6
tamarindslab__natco-tamarind-slab-200g,natco_foods,natco-natco-tamarind-slab-200g,,depot_b,B1-B3,3,6,6
tamarindwet__natco-tamarind-wet-400g,natco_foods,natco-natco-tamarind-wet-400g,,depot_b,B1-B3,3,6,6
toor-dal-oily1__natco-toor-dal-oily-2kg,natco_foods,natco-natco-toor-dal-oily-2kg,,depot_b,B1-B3,3,6,6
toor-dal-oily1__natco-toor-dal-oily-1kg,natco_foods,natco-natco-toor-dal-oily-1kg,,depot_b,B1-B3,3,6,6
toor-dal-plain__natco-toor-dal-plain-2kg,natco_foods,natco-natco-toor-dal-plain-2kg,,depot_b,B1-B3,3,6,6
toor-dal-plain__natco-toor-dal-plain-500g,natco_foods,natco-natco-toor-dal-plain-500g,,depot_b,B1-B3,3,6,6
turmeric-powder__natco-turmeric-powder-400g,natco_foods,natco-natco-turmeric-powder-400g,,depot_b,B1-B3,3,6,6
turmeric-powder-jar__natco-turmeric-powder-jar-100g,natco_foods,natco-natco-turmeric-powder-jar-100g,,depot_b,B1-B3,3,6,6
urid-dal-white__natco-urid-dal-white-2kg,natco_foods,natco-natco-urid-dal-white-2kg,,depot_b,B1-B3,3,6,6
urid-dal-white__natco-urid-dal-white-1kg,natco_foods,natco-natco-urid-dal-white-1kg,,depot_b,B1-B3,3,6,6
uridbeans__natco-urid-beans-2kg,natco_foods,natco-natco-urid-beans-2kg,,depot_b,B1-B3,3,6,6
uridbeans__natco-urid-beans-1kg,natco_foods,natco-natco-urid-beans-1kg,,depot_b,B1-B3,3,6,6
uridsplit1__natco-urid-split-2kg,natco_foods,natco-natco-urid-split-2kg,,depot_b,B1-B3,3,6,6
uridsplit1__natco-urid-split-500g,natco_foods,natco-natco-urid-split-500g,,depot_b,B1-B3,3,6,6
white-pepper-ground__natco-white-pepper-ground-100g,natco_foods,natco-natco-white-pepper-ground-100g,,depot_b,B1-B3,3,6,6
white-pepper-ground-jar__natco-white-pepper-ground-jar-100g,natco_foods,natco-natco-white-pepper-ground-jar-100g,,depot_b,B1-B3,3,6,6
yellow-mustard-seeds__natco-yellow-mustard-seeds-300g,natco_foods,natco-natco-yellow-mustard-seeds-300g,,depot_b,B1-B3,3,6,6
yellow-split-peas1__natco-yellow-split-peas-2kg,natco_foods,natco-natco-yellow-split-peas-2kg,,depot_b,B1-B3,3,6,6
yellow-split-peas1__natco-yellow-split-peas-1kg,natco_foods,natco-natco-yellow-split-peas-1kg,,depot_b,B1-B3,3,6,6
national-mango-pickle__national-mango-pickle-500g,multiple_suppliers,national-foods-national-mango-pickle-500g,,default_depot,G1-G8,3,6,6
national-mixed-pickle__national-mixed-pickle-300g,multiple_suppliers,national-foods-national-mixed-pickle-300g,,default_depot,G1-G8,3,6,6
nescafe-classic__nescafe-classic-200g,multiple_suppliers,nescafe-nescafe-classic-200g,,default_depot,G1-G8,3,6,6
parachute-coconut-oil__parachute-coconut-oil-500ml,multiple_suppliers,parachute-parachute-coconut-oil-500ml,,default_depot,G1-G8,3,6,6
parle-bourbon__parle-parle-bourbon-200g,parle_products,parle-parle-parle-bourbon-200g,,default_depot,G1-G8,3,6,6
parle-g-glucose-biscuits__parle-parle-g-glucose-biscuits-400g,parle_products,parle-parle-parle-g-glucose-biscuits-400g,,default_depot,G1-G8,3,6,6
parle-g-glucose-biscuits__parle-parle-g-glucose-biscuits-1kg,parle_products,parle-parle-parle-g-glucose-biscuits-1kg,,default_depot,G1-G8,3,6,6
parle-mango-bite-40-piece-bag__parle-parle-mango-bite-40-piece-bag,parle_products,parle-parle-parle-mango-bite-40-piece-bag,,default_depot,G1-G8,3,6,6
parle-melody-40-piece-bag__parle-parle-melody-40-piece-bag,parle_products,parle-parle-parle-melody-40-piece-bag,,default_depot,G1-G8,3,6,6
parle-monaco-salted-crackers__parle-parle-monaco-salted-crackers-200g,parle_products,parle-parle-parle-monaco-salted-crackers-200g,,default_depot,G1-G8,3,6,6
pataks-lime-pickle__pataks-pataks-lime-pickle-283g,ab_world_foods,pataks-pataks-pataks-lime-pickle-283g,,default_depot,G1-G8,3,6,6
pataks-mango-chutney__pataks-pataks-mango-chutney-340g,ab_world_foods,pataks-pataks-pataks-mango-chutney-340g,,default_depot,G1-G8,3,6,6
pataks-mixed-pickle__pataks-pataks-mixed-pickle-283g,ab_world_foods,pataks-pataks-pataks-mixed-pickle-283g,,default_depot,G1-G8,3,6,6
pataks-tikka-masala-paste__pataks-pataks-tikka-masala-paste-290g,ab_world_foods,pataks-pataks-pataks-tikka-masala-paste-290g,,default_depot,G1-G8,3,6,6
pillsbury-chakki-fresh-atta__pillsbury-pillsbury-chakki-fresh-atta-5kg,multiple_suppliers,pillsbury-pillsbury-pillsbury-chakki-fresh-atta-5kg,,default_depot,G1-G8,3,6,6
pillsbury-chakki-fresh-atta__pillsbury-pillsbury-chakki-fresh-atta-10kg,multiple_suppliers,pillsbury-pillsbury-pillsbury-chakki-fresh-atta-10kg,,default_depot,G1-G8,3,6,6
priya-avakaya-mango-pickle__priya-avakaya-mango-500g,priya_foods,priya-priya-avakaya-mango-500g,,default_depot,G1-G8,3,6,6
priya-garlic-pickle__priya-garlic-pickle-300g,priya_foods,priya-priya-garlic-pickle-300g,,default_depot,G1-G8,3,6,6
priya-gongura-mutton-pickle__priya-gongura-mutton-300g,priya_foods,priya-priya-gongura-mutton-300g,,default_depot,G1-G8,3,6,6
priya-gongura-pickle__priya-gongura-pickle-300g,priya_foods,priya-priya-gongura-pickle-300g,,default_depot,G1-G8,3,6,6
priya-lemon-pickle__priya-lemon-pickle-500g,priya_foods,priya-priya-lemon-pickle-500g,,default_depot,G1-G8,3,6,6
priya-tomato-pickle__priya-tomato-pickle-300g,priya_foods,priya-priya-tomato-pickle-300g,,default_depot,G1-G8,3,6,6
rasna-mango-concentrate__rasna-mango-750ml,multiple_suppliers,rasna-rasna-mango-750ml,,default_depot,G1-G8,3,6,6
shan-achar-gosht-masala__shan-achar-gosht-50g,shan_foods,shan-shan-achar-gosht-50g,,depot_b,B1-B3,3,6,6
shan-bombay-biryani-mix__shan-shan-bombay-biryani-mix-60g,shan_foods,shan-shan-shan-bombay-biryani-mix-60g,,depot_b,B1-B3,3,6,6
shan-haleem-mix__shan-shan-haleem-mix-300g,shan_foods,shan-shan-shan-haleem-mix-300g,,depot_b,B1-B3,3,6,6
shan-pilau-rice-mix__shan-pilau-rice-50g,shan_foods,shan-shan-pilau-rice-50g,,depot_b,B1-B3,3,6,6
shan-sindhi-biryani-mix__shan-shan-sindhi-biryani-mix-65g,shan_foods,shan-shan-shan-sindhi-biryani-mix-65g,,depot_b,B1-B3,3,6,6
shan-special-beef-biryani-mix__shan-shan-special-beef-biryani-mix-60g,shan_foods,shan-shan-shan-special-beef-biryani-mix-60g,,depot_b,B1-B3,3,6,6
shan-special-chicken-biryani-mix__shan-shan-special-chicken-biryani-mix-60g,shan_foods,shan-shan-shan-special-chicken-biryani-mix-60g,,depot_b,B1-B3,3,6,6
shan-special-mutton-biryani-mix__shan-shan-special-mutton-biryani-mix-60g,shan_foods,shan-shan-shan-special-mutton-biryani-mix-60g,,depot_b,B1-B3,3,6,6
tata-gold-tea__tata-gold-tea-500g,multiple_suppliers,tata-gold-tata-gold-tea-500g,,default_depot,G1-G8,3,6,6
tata-gold-tea__tata-gold-tea-1kg,multiple_suppliers,tata-gold-tata-gold-tea-1kg,,default_depot,G1-G8,3,6,6
tilda-pure-basmati__tilda-tilda-pure-basmati-2kg,multiple_suppliers,tilda-tilda-tilda-pure-basmati-2kg,,default_depot,G1-G8,3,6,6
tilda-pure-basmati__tilda-tilda-pure-basmati-5kg,multiple_suppliers,tilda-tilda-tilda-pure-basmati-5kg,,default_depot,G1-G8,3,6,6
tilda-pure-basmati__tilda-tilda-pure-basmati-10kg,multiple_suppliers,tilda-tilda-tilda-pure-basmati-10kg,,default_depot,G1-G8,3,6,6
trs-coarse-black-pepper__trs-trs-coarse-black-pepper-100g,trs_vibrant,trs-trs-trs-coarse-black-pepper-100g,,depot_a,A1-A4,3,6,6
trs-coarse-black-pepper__trs-trs-coarse-black-pepper-1kg,trs_vibrant,trs-trs-trs-coarse-black-pepper-1kg,,depot_a,A1-A4,3,6,6
trs-coarse-black-pepper__trs-trs-coarse-black-pepper-400g,trs_vibrant,trs-trs-trs-coarse-black-pepper-400g,,depot_a,A1-A4,3,6,6
trs-coarse-cornmeal__trs-trs-coarse-cornmeal-15kg,trs_vibrant,trs-trs-trs-coarse-cornmeal-15kg,,depot_a,A1-A4,3,6,6
trs-coarse-cornmeal__trs-trs-coarse-cornmeal-500g,trs_vibrant,trs-trs-trs-coarse-cornmeal-500g,,depot_a,A1-A4,3,6,6
trs-coarse-cornmeal__trs-trs-coarse-cornmeal-5kg,trs_vibrant,trs-trs-trs-coarse-cornmeal-5kg,,depot_a,A1-A4,3,6,6
trs-coarse-semolina__trs-trs-coarse-semolina-15kg,trs_vibrant,trs-trs-trs-coarse-semolina-15kg,,depot_a,A1-A4,3,6,6
trs-coarse-semolina__trs-trs-coarse-semolina-500g,trs_vibrant,trs-trs-trs-coarse-semolina-500g,,depot_a,A1-A4,3,6,6
trs-coarse-semolina__trs-trs-coarse-semolina-5kg,trs_vibrant,trs-trs-trs-coarse-semolina-5kg,,depot_a,A1-A4,3,6,6
trs-coriander-powder-dhania__trs-trs-coriander-powder-dhania-100g,trs_vibrant,trs-trs-trs-coriander-powder-dhania-100g,,depot_a,A1-A4,3,6,6
trs-coriander-powder-dhania__trs-trs-coriander-powder-dhania-1kg,trs_vibrant,trs-trs-trs-coriander-powder-dhania-1kg,,depot_a,A1-A4,3,6,6
trs-coriander-powder-dhania__trs-trs-coriander-powder-dhania-200g,trs_vibrant,trs-trs-trs-coriander-powder-dhania-200g,,depot_a,A1-A4,3,6,6
trs-coriander-powder-dhania__trs-trs-coriander-powder-dhania-400g,trs_vibrant,trs-trs-trs-coriander-powder-dhania-400g,,depot_a,A1-A4,3,6,6
trs-coriander-powder-dhania__trs-trs-coriander-powder-dhania-5kg,trs_vibrant,trs-trs-trs-coriander-powder-dhania-5kg,,depot_a,A1-A4,3,6,6
trs-coriander-seeds-whole-dhania__trs-trs-coriander-seeds-whole-dhania-100g,trs_vibrant,trs-trs-trs-coriander-seeds-whole-dhania-100g,,depot_a,A1-A4,3,6,6
trs-coriander-seeds-whole-dhania__trs-trs-coriander-seeds-whole-dhania-250g,trs_vibrant,trs-trs-trs-coriander-seeds-whole-dhania-250g,,depot_a,A1-A4,3,6,6
trs-coriander-seeds-whole-dhania__trs-trs-coriander-seeds-whole-dhania-3kg,trs_vibrant,trs-trs-trs-coriander-seeds-whole-dhania-3kg,,depot_a,A1-A4,3,6,6
trs-coriander-seeds-whole-dhania__trs-trs-coriander-seeds-whole-dhania-750g,trs_vibrant,trs-trs-trs-coriander-seeds-whole-dhania-750g,,depot_a,A1-A4,3,6,6
trs-crushed-chilli__trs-trs-crushed-chilli-100g,trs_vibrant,trs-trs-trs-crushed-chilli-100g,,depot_a,A1-A4,3,6,6
trs-crushed-chilli__trs-trs-crushed-chilli-250g,trs_vibrant,trs-trs-trs-crushed-chilli-250g,,depot_a,A1-A4,3,6,6
trs-crushed-chilli__trs-trs-crushed-chilli-3kg,trs_vibrant,trs-trs-trs-crushed-chilli-3kg,,depot_a,A1-A4,3,6,6
trs-crushed-chilli__trs-trs-crushed-chilli-750g,trs_vibrant,trs-trs-trs-crushed-chilli-750g,,depot_a,A1-A4,3,6,6
trs-cumin-powder__trs-trs-cumin-powder-100g,trs_vibrant,trs-trs-trs-cumin-powder-100g,,depot_a,A1-A4,3,6,6
trs-cumin-powder__trs-trs-cumin-powder-400g,trs_vibrant,trs-trs-trs-cumin-powder-400g,,depot_a,A1-A4,3,6,6
trs-cumin-powder__trs-trs-cumin-powder-1kg,trs_vibrant,trs-trs-trs-cumin-powder-1kg,,depot_a,A1-A4,3,6,6
trs-cumin-powder__trs-trs-cumin-powder-5kg,trs_vibrant,trs-trs-trs-cumin-powder-5kg,,depot_a,A1-A4,3,6,6
trs-cumin-seeds__trs-trs-cumin-seeds-100g,trs_vibrant,trs-trs-trs-cumin-seeds-100g,,depot_a,A1-A4,3,6,6
trs-cumin-seeds__trs-trs-cumin-seeds-1kg,trs_vibrant,trs-trs-trs-cumin-seeds-1kg,,depot_a,A1-A4,3,6,6
trs-cumin-seeds__trs-trs-cumin-seeds-400g,trs_vibrant,trs-trs-trs-cumin-seeds-400g,,depot_a,A1-A4,3,6,6
trs-cumin-seeds__trs-trs-cumin-seeds-4kg,trs_vibrant,trs-trs-trs-cumin-seeds-4kg,,depot_a,A1-A4,3,6,6
trs-fennel-seeds__trs-trs-fennel-seeds-100g,trs_vibrant,trs-trs-trs-fennel-seeds-100g,,depot_a,A1-A4,3,6,6
trs-fennel-seeds__trs-trs-fennel-seeds-1kg,trs_vibrant,trs-trs-trs-fennel-seeds-1kg,,depot_a,A1-A4,3,6,6
trs-fennel-seeds__trs-trs-fennel-seeds-400g,trs_vibrant,trs-trs-trs-fennel-seeds-400g,,depot_a,A1-A4,3,6,6
trs-fenugreek-leaves__trs-trs-fenugreek-leaves-100g,trs_vibrant,trs-trs-trs-fenugreek-leaves-100g,,depot_a,A1-A4,3,6,6
trs-fenugreek-leaves__trs-trs-fenugreek-leaves-1kg,trs_vibrant,trs-trs-trs-fenugreek-leaves-1kg,,depot_a,A1-A4,3,6,6
trs-fenugreek-leaves__trs-trs-fenugreek-leaves-300g,trs_vibrant,trs-trs-trs-fenugreek-leaves-300g,,depot_a,A1-A4,3,6,6
trs-fenugreek-leaves__trs-trs-fenugreek-leaves-50g,trs_vibrant,trs-trs-trs-fenugreek-leaves-50g,,depot_a,A1-A4,3,6,6
trs-fenugreek-seeds__trs-trs-fenugreek-seeds-50g,trs_vibrant,trs-trs-trs-fenugreek-seeds-50g,,depot_a,A1-A4,3,6,6
trs-fenugreek-seeds__trs-trs-fenugreek-seeds-100g,trs_vibrant,trs-trs-trs-fenugreek-seeds-100g,,depot_a,A1-A4,3,6,6
trs-fenugreek-seeds__trs-trs-fenugreek-seeds-300g,trs_vibrant,trs-trs-trs-fenugreek-seeds-300g,,depot_a,A1-A4,3,6,6
trs-fenugreek-seeds__trs-trs-fenugreek-seeds-1kg,trs_vibrant,trs-trs-trs-fenugreek-seeds-1kg,,depot_a,A1-A4,3,6,6
trs-fine-desiccated-coconut__trs-trs-fine-desiccated-coconut-300g,trs_vibrant,trs-trs-trs-fine-desiccated-coconut-300g,,depot_a,A1-A4,3,6,6
trs-fine-desiccated-coconut__trs-trs-fine-desiccated-coconut-1kg,trs_vibrant,trs-trs-trs-fine-desiccated-coconut-1kg,,depot_a,A1-A4,3,6,6
trs-fine-semolina__trs-trs-fine-semolina-15kg,trs_vibrant,trs-trs-trs-fine-semolina-15kg,,depot_a,A1-A4,3,6,6
trs-fine-semolina__trs-trs-fine-semolina-500g,trs_vibrant,trs-trs-trs-fine-semolina-500g,,depot_a,A1-A4,3,6,6
trs-fine-semolina__trs-trs-fine-semolina-5kg,trs_vibrant,trs-trs-trs-fine-semolina-5kg,,depot_a,A1-A4,3,6,6
trs-garam-masala__trs-trs-garam-masala-100g,trs_vibrant,trs-trs-trs-garam-masala-100g,,depot_a,A1-A4,3,6,6
trs-garam-masala__trs-trs-garam-masala-200g,trs_vibrant,trs-trs-trs-garam-masala-200g,,depot_a,A1-A4,3,6,6
trs-garam-masala__trs-trs-garam-masala-400g,trs_vibrant,trs-trs-trs-garam-masala-400g,,depot_a,A1-A4,3,6,6
trs-garam-masala__trs-trs-garam-masala-500g,trs_vibrant,trs-trs-trs-garam-masala-500g,,depot_a,A1-A4,3,6,6
trs-garam-masala__trs-trs-garam-masala-1kg,trs_vibrant,trs-trs-trs-garam-masala-1kg,,depot_a,A1-A4,3,6,6
trs-garam-masala__trs-trs-garam-masala-5kg,trs_vibrant,trs-trs-trs-garam-masala-5kg,,depot_a,A1-A4,3,6,6
trs-garlic-powder__trs-trs-garlic-powder-100g,trs_vibrant,trs-trs-trs-garlic-powder-100g,,depot_a,A1-A4,3,6,6
trs-garlic-powder__trs-trs-garlic-powder-1kg,trs_vibrant,trs-trs-trs-garlic-powder-1kg,,depot_a,A1-A4,3,6,6
trs-garlic-powder__trs-trs-garlic-powder-400g,trs_vibrant,trs-trs-trs-garlic-powder-400g,,depot_a,A1-A4,3,6,6
trs-ginger-paste__trs-trs-ginger-paste-1kg,trs_vibrant,trs-trs-trs-ginger-paste-1kg,,depot_a,A1-A4,3,6,6
trs-ginger-powder__trs-trs-ginger-powder-100g,trs_vibrant,trs-trs-trs-ginger-powder-100g,,depot_a,A1-A4,3,6,6
trs-ginger-powder__trs-trs-ginger-powder-400g,trs_vibrant,trs-trs-trs-ginger-powder-400g,,depot_a,A1-A4,3,6,6
trs-ginger-powder__trs-trs-ginger-powder-1kg,trs_vibrant,trs-trs-trs-ginger-powder-1kg,,depot_a,A1-A4,3,6,6
trs-green-cardamom__trs-trs-green-cardamom-200g,trs_vibrant,trs-trs-trs-green-cardamom-200g,,depot_a,A1-A4,3,6,6
trs-green-cardamom__trs-trs-green-cardamom-50g,trs_vibrant,trs-trs-trs-green-cardamom-50g,,depot_a,A1-A4,3,6,6
trs-green-cardamom__trs-trs-green-cardamom-750g,trs_vibrant,trs-trs-trs-green-cardamom-750g,,depot_a,A1-A4,3,6,6
trs-green-lentils__trs-trs-green-lentils-500g,trs_vibrant,trs-trs-trs-green-lentils-500g,,depot_a,A1-A4,3,6,6
trs-green-lentils__trs-trs-green-lentils-1kg,trs_vibrant,trs-trs-trs-green-lentils-1kg,,depot_a,A1-A4,3,6,6
trs-green-lentils__trs-trs-green-lentils-2kg,trs_vibrant,trs-trs-trs-green-lentils-2kg,,depot_a,A1-A4,3,6,6
trs-ground-rice__trs-trs-ground-rice-15kg,trs_vibrant,trs-trs-trs-ground-rice-15kg,,depot_a,A1-A4,3,6,6
trs-ground-rice__trs-trs-ground-rice-500g,trs_vibrant,trs-trs-trs-ground-rice-500g,,depot_a,A1-A4,3,6,6
trs-ground-rice__trs-trs-ground-rice-5kg,trs_vibrant,trs-trs-trs-ground-rice-5kg,,depot_a,A1-A4,3,6,6
trs-hot-madras-curry__trs-trs-hot-madras-curry-100g,trs_vibrant,trs-trs-trs-hot-madras-curry-100g,,depot_a,A1-A4,3,6,6
trs-hot-madras-curry__trs-trs-hot-madras-curry-400g,trs_vibrant,trs-trs-trs-hot-madras-curry-400g,,depot_a,A1-A4,3,6,6
trs-mild-madras-curry-powder__trs-trs-mild-madras-curry-powder-1kg,trs_vibrant,trs-trs-trs-mild-madras-curry-powder-1kg,,depot_a,A1-A4,3,6,6
trs-mild-madras-curry-powder__trs-trs-mild-madras-curry-powder-2kg,trs_vibrant,trs-trs-trs-mild-madras-curry-powder-2kg,,depot_a,A1-A4,3,6,6
trs-mild-madras-curry-powder__trs-trs-mild-madras-curry-powder-400g,trs_vibrant,trs-trs-trs-mild-madras-curry-powder-400g,,depot_a,A1-A4,3,6,6
trs-mild-madras-curry-powder__trs-trs-mild-madras-curry-powder-500g,trs_vibrant,trs-trs-trs-mild-madras-curry-powder-500g,,depot_a,A1-A4,3,6,6
trs-mild-madras-curry-powder__trs-trs-mild-madras-curry-powder-5kg,trs_vibrant,trs-trs-trs-mild-madras-curry-powder-5kg,,depot_a,A1-A4,3,6,6
trs-moth-beans__trs-trs-moth-beans-500g,trs_vibrant,trs-trs-trs-moth-beans-500g,,depot_a,A1-A4,3,6,6
trs-moth-beans__trs-trs-moth-beans-1kg,trs_vibrant,trs-trs-trs-moth-beans-1kg,,depot_a,A1-A4,3,6,6
trs-moth-beans__trs-trs-moth-beans-2kg,trs_vibrant,trs-trs-trs-moth-beans-2kg,,depot_a,A1-A4,3,6,6
trs-mung-beans__trs-trs-mung-beans-500g,trs_vibrant,trs-trs-trs-mung-beans-500g,,depot_a,A1-A4,3,6,6
trs-mung-beans__trs-trs-mung-beans-1kg,trs_vibrant,trs-trs-trs-mung-beans-1kg,,depot_a,A1-A4,3,6,6
trs-mung-beans__trs-trs-mung-beans-2kg,trs_vibrant,trs-trs-trs-mung-beans-2kg,,depot_a,A1-A4,3,6,6
trs-mung-beans__trs-trs-mung-beans-5kg,trs_vibrant,trs-trs-trs-mung-beans-5kg,,depot_a,A1-A4,3,6,6
trs-mung-beans__trs-trs-mung-beans,trs_vibrant,trs-trs-trs-mung-beans,,depot_a,A1-A4,3,6,6
trs-mung-dal__trs-trs-mung-dal-500g,trs_vibrant,trs-trs-trs-mung-dal-500g,,depot_a,A1-A4,3,6,6
trs-mung-dal__trs-trs-mung-dal-1kg,trs_vibrant,trs-trs-trs-mung-dal-1kg,,depot_a,A1-A4,3,6,6
trs-mung-dal__trs-trs-mung-dal-2kg,trs_vibrant,trs-trs-trs-mung-dal-2kg,,depot_a,A1-A4,3,6,6
trs-mung-dal__trs-trs-mung-dal-5kg,trs_vibrant,trs-trs-trs-mung-dal-5kg,,depot_a,A1-A4,3,6,6
trs-mung-dal__trs-trs-mung-dal-25kg,trs_vibrant,trs-trs-trs-mung-dal-25kg,,depot_a,A1-A4,3,6,6
trs-mung-dal-chilka-split-green-peas__trs-trs-mung-dal-chilka-split-green-peas-500g,trs_vibrant,trs-trs-trs-mung-dal-chilka-split-green-peas-500g,,depot_a,A1-A4,3,6,6
trs-mung-dal-chilka-split-green-peas__trs-trs-mung-dal-chilka-split-green-peas-1kg,trs_vibrant,trs-trs-trs-mung-dal-chilka-split-green-peas-1kg,,depot_a,A1-A4,3,6,6
trs-mung-dal-chilka-split-green-peas__trs-trs-mung-dal-chilka-split-green-peas-2kg,trs_vibrant,trs-trs-trs-mung-dal-chilka-split-green-peas-2kg,,depot_a,A1-A4,3,6,6
trs-paprika-powder__trs-trs-paprika-powder-100g,trs_vibrant,trs-trs-trs-paprika-powder-100g,,depot_a,A1-A4,3,6,6
trs-paprika-powder__trs-trs-paprika-powder-1kg,trs_vibrant,trs-trs-trs-paprika-powder-1kg,,depot_a,A1-A4,3,6,6
trs-paprika-powder__trs-trs-paprika-powder-400g,trs_vibrant,trs-trs-trs-paprika-powder-400g,,depot_a,A1-A4,3,6,6
trs-paprika-powder__trs-trs-paprika-powder-5kg,trs_vibrant,trs-trs-trs-paprika-powder-5kg,,depot_a,A1-A4,3,6,6
trs-popcorn__trs-trs-popcorn-2kg,trs_vibrant,trs-trs-trs-popcorn-2kg,,depot_a,A1-A4,3,6,6
trs-popcorn__trs-trs-popcorn-500g,trs_vibrant,trs-trs-trs-popcorn-500g,,depot_a,A1-A4,3,6,6
trs-puffed-lotus-seeds-makhana__trs-trs-puffed-lotus-seeds-makhana-100g,trs_vibrant,trs-trs-trs-puffed-lotus-seeds-makhana-100g,,depot_a,A1-A4,3,6,6
trs-pure-gram-flour__trs-trs-pure-gram-flour-1kg,trs_vibrant,trs-trs-trs-pure-gram-flour-1kg,,depot_a,A1-A4,3,6,6
trs-pure-gram-flour__trs-trs-pure-gram-flour-20kg,trs_vibrant,trs-trs-trs-pure-gram-flour-20kg,,depot_a,A1-A4,3,6,6
trs-pure-gram-flour__trs-trs-pure-gram-flour-2kg,trs_vibrant,trs-trs-trs-pure-gram-flour-2kg,,depot_a,A1-A4,3,6,6
trs-red-adzuki-beans-red-cow-peas__trs-trs-red-adzuki-beans-red-cow-peas-500g,trs_vibrant,trs-trs-trs-red-adzuki-beans-red-cow-peas-500g,,depot_a,A1-A4,3,6,6
trs-red-adzuki-beans-red-cow-peas__trs-trs-red-adzuki-beans-red-cow-peas-2kg,trs_vibrant,trs-trs-trs-red-adzuki-beans-red-cow-peas-2kg,,depot_a,A1-A4,3,6,6
trs-red-kidney-beans__trs-trs-red-kidney-beans-1kg,trs_vibrant,trs-trs-trs-red-kidney-beans-1kg,,depot_a,A1-A4,3,6,6
trs-red-kidney-beans__trs-trs-red-kidney-beans-2kg,trs_vibrant,trs-trs-trs-red-kidney-beans-2kg,,depot_a,A1-A4,3,6,6
trs-red-kidney-beans__trs-trs-red-kidney-beans-400g,trs_vibrant,trs-trs-trs-red-kidney-beans-400g,,depot_a,A1-A4,3,6,6
trs-red-kidney-beans__trs-trs-red-kidney-beans-500g,trs_vibrant,trs-trs-trs-red-kidney-beans-500g,,depot_a,A1-A4,3,6,6
trs-red-kidney-beans__trs-trs-red-kidney-beans-5kg,trs_vibrant,trs-trs-trs-red-kidney-beans-5kg,,depot_a,A1-A4,3,6,6
trs-red-split-lentils__trs-trs-red-split-lentils-1kg,trs_vibrant,trs-trs-trs-red-split-lentils-1kg,,depot_a,A1-A4,3,6,6
trs-red-split-lentils__trs-trs-red-split-lentils-5kg,trs_vibrant,trs-trs-trs-red-split-lentils-5kg,,depot_a,A1-A4,3,6,6
trs-rosecoco-beans__trs-trs-rosecoco-beans-25kg,trs_vibrant,trs-trs-trs-rosecoco-beans-25kg,,depot_a,A1-A4,3,6,6
trs-rosecoco-beans__trs-trs-rosecoco-beans-2kg,trs_vibrant,trs-trs-trs-rosecoco-beans-2kg,,depot_a,A1-A4,3,6,6
trs-rosecoco-beans__trs-trs-rosecoco-beans-500g,trs_vibrant,trs-trs-trs-rosecoco-beans-500g,,depot_a,A1-A4,3,6,6
trs-sarson-ka-saag-spiced-mustard-greens-curry__trs-trs-sarson-ka-saag-spiced-mustard-greens-curry-450g,trs_vibrant,trs-trs-trs-sarson-ka-saag-spiced-mustard-greens-curry-450g,,depot_a,A1-A4,3,6,6
trs-sarson-ka-saag-spiced-mustard-greens-curry__trs-trs-sarson-ka-saag-spiced-mustard-greens-curry-850g,trs_vibrant,trs-trs-trs-sarson-ka-saag-spiced-mustard-greens-curry-850g,,depot_a,A1-A4,3,6,6
trs-tapioca-pearls__trs-trs-tapioca-pearls-15kg,trs_vibrant,trs-trs-trs-tapioca-pearls-15kg,,depot_a,A1-A4,3,6,6
trs-tapioca-pearls__trs-trs-tapioca-pearls-500g,trs_vibrant,trs-trs-trs-tapioca-pearls-500g,,depot_a,A1-A4,3,6,6
trs-toor-dal__trs-trs-toor-dal-500g,trs_vibrant,trs-trs-trs-toor-dal-500g,,depot_a,A1-A4,3,6,6
trs-toor-dal__trs-trs-toor-dal-1kg,trs_vibrant,trs-trs-trs-toor-dal-1kg,,depot_a,A1-A4,3,6,6
trs-toor-dal__trs-trs-toor-dal-2kg,trs_vibrant,trs-trs-trs-toor-dal-2kg,,depot_a,A1-A4,3,6,6
trs-toor-dal__trs-trs-toor-dal-25kg,trs_vibrant,trs-trs-trs-toor-dal-25kg,,depot_a,A1-A4,3,6,6
trs-tumeric-powder__trs-trs-tumeric-powder-100g,trs_vibrant,trs-trs-trs-tumeric-powder-100g,,depot_a,A1-A4,3,6,6
trs-tumeric-powder__trs-trs-tumeric-powder-400g,trs_vibrant,trs-trs-trs-tumeric-powder-400g,,depot_a,A1-A4,3,6,6
trs-tumeric-powder__trs-trs-tumeric-powder-1kg,trs_vibrant,trs-trs-trs-tumeric-powder-1kg,,depot_a,A1-A4,3,6,6
trs-tumeric-powder__trs-trs-tumeric-powder-5kg,trs_vibrant,trs-trs-trs-tumeric-powder-5kg,,depot_a,A1-A4,3,6,6
trs-urid-beans__trs-trs-urid-beans-500g,trs_vibrant,trs-trs-trs-urid-beans-500g,,depot_a,A1-A4,3,6,6
trs-urid-beans__trs-trs-urid-beans-1kg,trs_vibrant,trs-trs-trs-urid-beans-1kg,,depot_a,A1-A4,3,6,6
trs-urid-beans__trs-trs-urid-beans-2kg,trs_vibrant,trs-trs-trs-urid-beans-2kg,,depot_a,A1-A4,3,6,6
trs-urid-beans__trs-trs-urid-beans-5kg,trs_vibrant,trs-trs-trs-urid-beans-5kg,,depot_a,A1-A4,3,6,6
trs-urid-beans__trs-trs-urid-beans-25kg,trs_vibrant,trs-trs-trs-urid-beans-25kg,,depot_a,A1-A4,3,6,6
trs-urid-dal__trs-trs-urid-dal-500g,trs_vibrant,trs-trs-trs-urid-dal-500g,,depot_a,A1-A4,3,6,6
trs-urid-dal__trs-trs-urid-dal-1kg,trs_vibrant,trs-trs-trs-urid-dal-1kg,,depot_a,A1-A4,3,6,6
trs-urid-dal__trs-trs-urid-dal-2kg,trs_vibrant,trs-trs-trs-urid-dal-2kg,,depot_a,A1-A4,3,6,6
trs-urid-dal__trs-trs-urid-dal-5kg,trs_vibrant,trs-trs-trs-urid-dal-5kg,,depot_a,A1-A4,3,6,6
trs-urid-dal-chilka__trs-trs-urid-dal-chilka-500g,trs_vibrant,trs-trs-trs-urid-dal-chilka-500g,,depot_a,A1-A4,3,6,6
trs-urid-dal-chilka__trs-trs-urid-dal-chilka-1kg,trs_vibrant,trs-trs-trs-urid-dal-chilka-1kg,,depot_a,A1-A4,3,6,6
trs-urid-dal-chilka__trs-trs-urid-dal-chilka-2kg,trs_vibrant,trs-trs-trs-urid-dal-chilka-2kg,,depot_a,A1-A4,3,6,6
trs-urid-whole-gota__trs-trs-urid-whole-gota-500g,trs_vibrant,trs-trs-trs-urid-whole-gota-500g,,depot_a,A1-A4,3,6,6
trs-urid-whole-gota__trs-trs-urid-whole-gota-1kg,trs_vibrant,trs-trs-trs-urid-whole-gota-1kg,,depot_a,A1-A4,3,6,6
trs-urid-whole-gota__trs-trs-urid-whole-gota-2kg,trs_vibrant,trs-trs-trs-urid-whole-gota-2kg,,depot_a,A1-A4,3,6,6
trs-urid-whole-gota__trs-trs-urid-whole-gota-5kg,trs_vibrant,trs-trs-trs-urid-whole-gota-5kg,,depot_a,A1-A4,3,6,6
trs-white-maize-meal__trs-trs-white-maize-meal-15kg,trs_vibrant,trs-trs-trs-white-maize-meal-15kg,,depot_a,A1-A4,3,6,6
trs-white-maize-meal__trs-trs-white-maize-meal-500g,trs_vibrant,trs-trs-trs-white-maize-meal-500g,,depot_a,A1-A4,3,6,6
trs-white-maize-meal__trs-trs-white-maize-meal-5kg,trs_vibrant,trs-trs-trs-white-maize-meal-5kg,,depot_a,A1-A4,3,6,6
trs-whole-cinnamon-dalchini__trs-trs-whole-cinnamon-dalchini-15kg,trs_vibrant,trs-trs-trs-whole-cinnamon-dalchini-15kg,,depot_a,A1-A4,3,6,6
trs-whole-cinnamon-dalchini__trs-trs-whole-cinnamon-dalchini-200g,trs_vibrant,trs-trs-trs-whole-cinnamon-dalchini-200g,,depot_a,A1-A4,3,6,6
trs-whole-cinnamon-dalchini__trs-trs-whole-cinnamon-dalchini-400g,trs_vibrant,trs-trs-trs-whole-cinnamon-dalchini-400g,,depot_a,A1-A4,3,6,6
trs-whole-cinnamon-dalchini__trs-trs-whole-cinnamon-dalchini-50g,trs_vibrant,trs-trs-trs-whole-cinnamon-dalchini-50g,,depot_a,A1-A4,3,6,6
trs-yellow-peas__trs-trs-yellow-peas-500g,trs_vibrant,trs-trs-trs-yellow-peas-500g,,depot_a,A1-A4,3,6,6
trs-yellow-peas__trs-trs-yellow-peas-2kg,trs_vibrant,trs-trs-trs-yellow-peas-2kg,,depot_a,A1-A4,3,6,6
trs-yellow-split-peas__trs-trs-yellow-split-peas-2kg,trs_vibrant,trs-trs-trs-yellow-split-peas-2kg,,depot_a,A1-A4,3,6,6
trs-yellow-split-peas__trs-trs-yellow-split-peas-500g,trs_vibrant,trs-trs-trs-yellow-split-peas-500g,,depot_a,A1-A4,3,6,6
trs-chilli-powder-hot__trs-chilli-hot-200g,trs_vibrant,trs-trs-chilli-hot-200g,,depot_a,A1-A4,3,6,6
trs-coconut-milk__trs-coconut-milk-400ml,trs_vibrant,trs-trs-coconut-milk-400ml,,depot_a,A1-A4,3,6,6
trs-dark-red-kidney-beans__trs-rajma-dark-1kg,trs_vibrant,trs-trs-rajma-dark-1kg,,depot_a,A1-A4,3,6,6
trs-garlic-paste__trs-garlic-paste-300g,trs_vibrant,trs-trs-garlic-paste-300g,,depot_a,A1-A4,3,6,6
trs-ginger-garlic-paste__trs-gg-paste-1kg,trs_vibrant,trs-trs-gg-paste-1kg,,depot_a,A1-A4,3,6,6
trs-ginger-garlic-paste__trs-gg-paste-300g,trs_vibrant,trs-trs-gg-paste-300g,,depot_a,A1-A4,3,6,6
trs-ginger-paste__trs-ginger-paste-300g,trs_vibrant,trs-trs-ginger-paste-300g,,depot_a,A1-A4,3,6,6
trs-kala-chana__trs-kala-chana-1kg,trs_vibrant,trs-trs-kala-chana-1kg,,depot_a,A1-A4,3,6,6
trs-kashmiri-chilli-powder__trs-kashmiri-chilli-200g,trs_vibrant,trs-trs-kashmiri-chilli-200g,,depot_a,A1-A4,3,6,6
trs-kewra-water__trs-kewra-water-190ml,trs_vibrant,trs-trs-kewra-water-190ml,,depot_a,A1-A4,3,6,6
trs-mixed-panchratna-dal__trs-panchratna-dal-1kg,trs_vibrant,trs-trs-panchratna-dal-1kg,,depot_a,A1-A4,3,6,6
trs-moong-whole-green__trs-moong-whole-green-1kg,trs_vibrant,trs-trs-moong-whole-green-1kg,,depot_a,A1-A4,3,6,6
trs-mukhwas__trs-mukhwas-200g,trs_vibrant,trs-trs-mukhwas-200g,,depot_a,A1-A4,3,6,6
trs-mustard-oil__trs-mustard-oil-1l,trs_vibrant,trs-trs-mustard-oil-1l,,depot_a,A1-A4,3,6,6
trs-pure-ghee__trs-ghee-500g,trs_vibrant,trs-trs-ghee-500g,,depot_a,A1-A4,3,6,6
trs-pure-ghee__trs-ghee-1kg,trs_vibrant,trs-trs-ghee-1kg,,depot_a,A1-A4,3,6,6
trs-red-split-lentils__trs-red-split-lentils-2kg,trs_vibrant,trs-trs-red-split-lentils-2kg,,depot_a,A1-A4,3,6,6
trs-red-split-lentils__trs-red-split-lentils-500g,trs_vibrant,trs-trs-red-split-lentils-500g,,depot_a,A1-A4,3,6,6
trs-roasted-chana-daria__trs-chana-daria-500g,trs_vibrant,trs-trs-chana-daria-500g,,depot_a,A1-A4,3,6,6
trs-roasted-cumin-powder__trs-cumin-roasted-100g,trs_vibrant,trs-trs-cumin-roasted-100g,,depot_a,A1-A4,3,6,6
trs-roasted-peanuts__trs-peanuts-roasted-500g,trs_vibrant,trs-trs-peanuts-roasted-500g,,depot_a,A1-A4,3,6,6
trs-rose-water__trs-rose-water-190ml,trs_vibrant,trs-trs-rose-water-190ml,,depot_a,A1-A4,3,6,6
trs-tamarind-block__trs-tamarind-block-400g,trs_vibrant,trs-trs-tamarind-block-400g,,depot_a,A1-A4,3,6,6
trs-toor-dal-dry__trs-toor-dal-dry-1kg,trs_vibrant,trs-trs-toor-dal-dry-1kg,,depot_a,A1-A4,3,6,6
trs-toor-dal-oily__trs-toor-dal-oily-1kg,trs_vibrant,trs-trs-toor-dal-oily-1kg,,depot_a,A1-A4,3,6,6
trs-toor-dal-oily__trs-toor-dal-oily-2kg,trs_vibrant,trs-trs-toor-dal-oily-2kg,,depot_a,A1-A4,3,6,6
trs-urad-dal-black-whole__trs-urad-black-whole-1kg,trs_vibrant,trs-trs-urad-black-whole-1kg,,depot_a,A1-A4,3,6,6
udhayam-filter-coffee__udhayam-coffee-200g,multiple_suppliers,udhayam-udhayam-coffee-200g,,default_depot,G1-G8,3,6,6
udhayam-filter-coffee__udhayam-coffee-500g,multiple_suppliers,udhayam-udhayam-coffee-500g,,default_depot,G1-G8,3,6,6
wagh-bakri-masala-chai__wagh-bakri-masala-chai-250g,multiple_suppliers,wagh-bakri-wagh-bakri-masala-chai-250g,,default_depot,G1-G8,3,6,6
wagh-bakri-premium-tea__wagh-bakri-tea-500g,multiple_suppliers,wagh-bakri-wagh-bakri-tea-500g,,default_depot,G1-G8,3,6,6
wagh-bakri-premium-tea__wagh-bakri-tea-1kg,multiple_suppliers,wagh-bakri-wagh-bakri-tea-1kg,,default_depot,G1-G8,3,6,6
indian-onion__veg-indian-onion-1kg,multiple_suppliers,veg-indian-onion-1kg,,fresh_supplier,F1-F2,3,6,6
mud-potato__veg-mud-potato-2kg,multiple_suppliers,veg-mud-potato-2kg,,fresh_supplier,F1-F2,3,6,6
ginger__veg-ginger-250g,multiple_suppliers,veg-ginger-250g,,fresh_supplier,F1-F2,3,6,6
garlic__veg-garlic-250g,multiple_suppliers,veg-garlic-250g,,fresh_supplier,F1-F2,3,6,6
okra__veg-okra-500g,multiple_suppliers,veg-okra-500g,,fresh_supplier,F1-F2,3,6,6
green-chillies__veg-green-chillies-200g,multiple_suppliers,veg-green-chillies-200g,,fresh_supplier,F1-F2,3,6,6
bottle-gourd__veg-dudhi-single,multiple_suppliers,veg-dudhi-single,,fresh_supplier,F1-F2,3,6,6
bitter-gourd__veg-karela-500g,multiple_suppliers,veg-karela-500g,,fresh_supplier,F1-F2,3,6,6
drumsticks__veg-drumsticks-250g,multiple_suppliers,veg-drumsticks-250g,,fresh_supplier,F1-F2,3,6,6
tindora__veg-tindora-500g,multiple_suppliers,veg-tindora-500g,,fresh_supplier,F1-F2,3,6,6
curry-leaves__veg-curry-leaves-50g,multiple_suppliers,veg-curry-leaves-50g,,fresh_supplier,F1-F2,3,6,6
vine-tomato__veg-tomato-500g,multiple_suppliers,veg-tomato-500g,,fresh_supplier,F1-F2,3,6,6
green-lime__veg-lime-4pk,multiple_suppliers,veg-lime-4pk,,fresh_supplier,F1-F2,3,6,6
coconut__veg-coconut-single,multiple_suppliers,veg-coconut-single,,fresh_supplier,F1-F2,3,6,6
green-plantains__veg-plantain-single,multiple_suppliers,veg-plantain-single,,fresh_supplier,F1-F2,3,6,6
cassava__veg-cassava-1kg,multiple_suppliers,veg-cassava-1kg,,fresh_supplier,F1-F2,3,6,6
arbi__veg-arbi-500g,multiple_suppliers,veg-arbi-500g,,fresh_supplier,F1-F2,3,6,6

