Product Handle,Product Title,Product Subtitle,Product Description,Product Status,Product Thumbnail,Product Weight,Product Discountable,Product Type,Product Tag 1,Product Tag 2,Product Tag 3,Variant Title,Variant Sku,Variant Barcode,Variant Manage Inventory,Variant Allow Backorder,Variant Option 1 Name,Variant Option 1 Value,Variant Price GBP,Shipping Profile Id
natco-soya-chunks-700g,Soya Chunks 700g,,"",,./images/natco_soya-chunks-700g.jpg,700,,[object Object],,,,,NATCO-undefined,,,,,,4.6,
natco-black-eyed-beans-400g,Black Eyed Beans 400g,,"",,./images/natco_black-eyed-beans-400g.jpg,400,,[object Object],,,,,NATCO-undefined,,,,,,0.65,
natco-white-kidney-beans-400g,White Kidney Beans 400g,,"",,./images/natco_white-kidney-beans-400g.jpg,400,,[object Object],,,,,NATCO-undefined,,,,,,0.65,
natco-white-kidney-beans-boiled-full-case-12x400g,White Kidney Beans Boiled Full Case 12x400g,,"",,./images/natco_white-kidney-beans-boiled-full-case-12x400g.jpg,5480,,[object Object],,,,,NATCO-undefined,,,,,,7.35,
natco-bhel-puri-kit-500g,Bhel Puri Kit 500g,,"",,./images/natco_bhel-puri-kit-500g.jpg,500,,[object Object],,,,,NATCO-undefined,,,,,,3.8,
natco-chick-peas-full-case-4x1kg,Chick Peas Full Case 4x1kg,,"Our products are manufactured in a site that handles gluten, soya, milk, nuts, peanuts, sesame, mustard, celery and sulphites.",,./images/natco_chick-peas-full-case-4x1kg.jpg,4200,,[object Object],,,,,NATCO-undefined,,,,,,10.55,
natco-red-kidney-beans-25kg,Red Kidney Beans 2.5kg,,"",,./images/natco_red-kidney-beans-25kg.jpg,2500,,[object Object],,,,,NATCO-undefined,,,,,,4.45,
natco-red-kidney-beans-boiled-full-case-12x400g,Red Kidney Beans Boiled Full Case 12x400g,,"",,./images/natco_red-kidney-beans-boiled-full-case-12x400g.jpg,5480,,[object Object],,,,,NATCO-undefined,,,,,,7.35,
natco-red-kidney-beans-400g,Red Kidney Beans 400g,,"",,./images/natco_red-kidney-beans-400g.jpg,400,,[object Object],,,,,NATCO-undefined,,,,,,0.65,
natco-chick-peas-full-case-12x400g,Chick Peas Full Case 12x400g,,"",,./images/natco_chick-peas-full-case-12x400g.jpg,5480,,[object Object],,,,,NATCO-undefined,,,,,,6.2,
natco-chick-peas-400g,Chick Peas 400g,,"",,./images/natco_chick-peas-400g.jpg,400,,[object Object],,,,,NATCO-undefined,,,,,,0.6,
natco-chick-peas-25kg,Chick Peas 2.5kg,,"",,./images/natco_chick-peas-25kg.jpg,2500,,[object Object],,,,,NATCO-undefined,,,,,,3.45,
natco-chick-peas-1kg,Chick Peas 1kg,,"Our products are manufactured in a site that handles gluten, soya, milk, nuts, peanuts, sesame, mustard, celery and sulphites.",,./images/natco_chick-peas-1kg.jpg,1000,,[object Object],,,,,NATCO-undefined,,,,,,2.8,
natco-chick-peas-2kg,Chick Peas 2kg,,"Our products are manufactured in a site that handles gluten, soya, milk, nuts, peanuts, sesame, mustard, celery and sulphites.",,./images/natco_chick-peas-2kg.jpg,2000,,[object Object],,,,,NATCO-undefined,,,,,,3.85,
natco-kala-chana-boiled-400g,Kala Chana Boiled 400g,,"",,./images/natco_kala-chana-boiled-400g.jpg,400,,[object Object],,,,,NATCO-undefined,,,,,,0.6,
natco-kala-chana-boiled-full-case-12x400g,Kala Chana Boiled Full Case 12x400g,,"",,./images/natco_kala-chana-boiled-full-case-12x400g.jpg,5480,,[object Object],,,,,NATCO-undefined,,,,,,6.35,
natco-red-kidney-beans-1kg,Red Kidney Beans 1kg,,"",,./images/natco_red-kidney-beans-1kg.jpg,1000,,[object Object],,,,,NATCO-undefined,,,,,,3.65,
natco-red-kidney-beans-2kg,Red Kidney Beans 2kg,,"Our products are manufactured in a site that handles gluten, soya, milk, nuts, peanuts, sesame, mustard, celery and sulphites.",,./images/natco_red-kidney-beans-2kg.jpg,2000,,[object Object],,,,,NATCO-undefined,,,,,,5.6,
natco-rose-coco-borlotti-beans-400g,Rose Coco (Borlotti) Beans 400g,,"",,./images/natco_rose-coco-borlotti-beans-400g.jpg,400,,[object Object],,,,,NATCO-undefined,,,,,,0.6,
natco-rose-coco-borlotti-beans-full-case-12x400g,Rose Coco (Borlotti) Beans Full Case 12x400g,,"",,./images/natco_rose-coco-borlotti-beans-full-case-12x400g.jpg,5480,,[object Object],,,,,NATCO-undefined,,,,,,6.9,
natco-toovar-400g,Toovar 400g,,"",,./images/natco_toovar-400g.jpg,400,,[object Object],,,,,NATCO-undefined,,,,,,1.4,
natco-toovar-full-case-12x400g,Toovar Full Case 12x400g,,"",,./images/natco_toovar-full-case-12x400g.jpg,5480,,[object Object],,,,,NATCO-undefined,,,,,,15.6,
natco-alubia-beans-2kg,Alubia Beans 2kg,,"",,./images/natco_alubia-beans-2kg.jpg,2000,,[object Object],,,,,NATCO-undefined,,,,,,6.8,
natco-alubia-beans-500g,Alubia Beans 500g,,"",,./images/natco_alubia-beans-500g.jpg,500,,[object Object],,,,,NATCO-undefined,,,,,,1.8,
natco-black-eye-beans-2kg,Black Eye Beans 2kg,,"",,./images/natco_black-eye-beans-2kg.jpg,2000,,[object Object],,,,,NATCO-undefined,,,,,,5.55,
natco-pure-mustard-oil-250ml,Pure Mustard Oil 250ml,,"",,./images/natco_pure-mustard-oil-250ml.jpg,300,,[object Object],,,,,NATCO-undefined,,,,,,2.25,
natco-pure-mustard-oil-1ltr,Pure Mustard Oil 1Ltr,,"",,./images/natco_pure-mustard-oil-1ltr.jpg,950,,[object Object],,,,,NATCO-undefined,,,,,,4.95,
natco-basmati-rice-india-2kg,Basmati Rice India 2kg,,"",,./images/natco_basmati-rice-india-2kg.jpg,2000,,[object Object],,,,,NATCO-undefined,,,,,,5.1,
natco-ragi-flour-900g,Ragi Flour 900g,,"",,./images/natco_ragi-flour-900g.jpg,900,,[object Object],,,,,NATCO-undefined,,,,,,2.2,
natco-lemon-juice-1-ltr,Lemon Juice 1 Ltr,,"",,./images/natco_lemon-juice-1-ltr.jpg,1060,,[object Object],,,,,NATCO-undefined,,,,,,2.4,
natco-lemon-juice-500ml,Lemon Juice 500ml,,"",,./images/natco_lemon-juice-500ml.jpg,551,,[object Object],,,,,NATCO-undefined,,,,,,1.3,
natco-lemon-juice-with-essential-oil-200ml,Lemon Juice with Essential Oil 200ml,,"",,./images/natco_lemon-juice-with-essential-oil-200ml.jpg,219,,[object Object],,,,,NATCO-undefined,,,,,,0.7,
natco-okra-full-case-12x400g,Okra Full Case 12x400g,,"",,./images/natco_okra-full-case-12x400g.png,5480,,[object Object],,,,,NATCO-undefined,,,,,,14.5,
natco-jaggery-500g,Jaggery 500g,,"",,./images/natco_jaggery-500g.jpg,500,,[object Object],,,,,NATCO-undefined,,,,,,1.55,
natco-spiced-tea-masala-blend-160s,Spiced Tea - Masala Blend 160s,,"",,./images/natco_spiced-tea-masala-blend-160s.jpg,500,,[object Object],,,,,NATCO-undefined,,,,,,9.9,
natco-coriander-seeds-jar-60g,Coriander Seeds Jar 60g,,"",,./images/natco_coriander-seeds-jar-60g.jpg,60,,[object Object],,,,,NATCO-undefined,,,,,,1.1,
natco-kasuri-methi-leaves-100g,Kasuri Methi Leaves 100g,,"",,./images/natco_kasuri-methi-leaves-100g.jpg,100,,[object Object],,,,,NATCO-undefined,,,,,,1.95,
natco-crispy-fried-onions-150g,Crispy Fried Onions 150g,,"",,./images/natco_crispy-fried-onions-150g.png,150,,[object Object],,,,,NATCO-undefined,,,,,,2.05,
natco-mixed-pickle-300g,Mixed Pickle 300g,,"",,./images/natco_mixed-pickle-300g.jpg,300,,[object Object],,,,,NATCO-undefined,,,,,,2.05,
natco-whole-birdseye-chilli-jar-40g,Whole Birdseye Chilli Jar 40g,,"",,./images/natco_whole-birdseye-chilli-jar-40g.jpg,55,,[object Object],,,,,NATCO-undefined,,,,,,1.65,
natco-coconut-cream-400ml,Coconut Cream 400ml,,"",,./images/natco_coconut-cream-400ml.jpg,400,,[object Object],,,,,NATCO-undefined,,,,,,1.65,
natco-coconut-cream-full-case-6x400ml,Coconut Cream Full Case 6x400ml,,"",,./images/natco_coconut-cream-full-case-6x400ml.jpg,2400,,[object Object],,,,,NATCO-undefined,,,,,,8.95,
natco-coconut-water-330ml,Coconut Water 330ml,,"",,./images/natco_coconut-water-330ml.jpg,325,,[object Object],,,,,NATCO-undefined,,,,,,0.95,
natco-coconut-water-1l,Coconut Water 1L,,"",,./images/natco_coconut-water-1l.png,1000,,[object Object],,,,,NATCO-undefined,,,,,,2.45,
natco-demerara-sugar-500g,Demerara Sugar 500g,,"",,./images/natco_demerara-sugar-500g.png,500,,[object Object],,,,,NATCO-undefined,,,,,,1.1,
natco-chakki-atta-multigrain-5kg,Chakki Atta Multigrain 5kg,,"",,./images/natco_chakki-atta-multigrain-5kg.jpg,5000,,[object Object],,,,,NATCO-undefined,,,,,,11.55,
natco-rosemary-jar-40g,Rosemary Jar 40g,,"",,./images/natco_rosemary-jar-40g.jpg,50,,[object Object],,,,,NATCO-undefined,,,,,,1.15,
natco-phool-makhana-popped-lotus-seeds-100g,Phool Makhana (Popped Lotus Seeds) 100g,,"",,./images/natco_phool-makhana-popped-lotus-seeds-100g.jpg,100,,[object Object],,,,,NATCO-undefined,,,,,,3.45,
natco-punjabi-tinda-full-case-12x400g,Punjabi Tinda Full Case 12x400g,,"",,./images/natco_punjabi-tinda-full-case-12x400g.jpg,5480,,[object Object],,,,,NATCO-undefined,,,,,,13.5,
natco-big-d-honey-roast-peanuts-12x50g-packs-on-a-pub-card,Big D Honey Roast Peanuts 12x50g Packs on a Pub Card,,"",,./images/natco_big-d-honey-roast-peanuts-12x50g-packs-on-a-pub-card.jpg,700,,[object Object],,,,,NATCO-undefined,,,,,,5.85,
natco-big-d-salted-cashews-12x30g-cards,Big D Salted Cashews 12x30g Cards,,"",,./images/natco_big-d-salted-cashews-12x30g-cards.png,360,,[object Object],,,,,NATCO-undefined,,,,,,7.9,
natco-big-d-salted-peanuts-24x50g,Big D Salted Peanuts 24x50g,,"",,./images/natco_big-d-salted-peanuts-24x50g.png,1300,,[object Object],,,,,NATCO-undefined,,,,,,11.65,
natco-mango-chutney-spicy-340g,Mango Chutney Spicy 340g,,"",,./images/natco_mango-chutney-spicy-340g.jpg,340,,[object Object],,,,,NATCO-undefined,,,,,,2.05,
natco-tamarind-sauce-340g,Tamarind Sauce 340g,,"",,./images/natco_tamarind-sauce-340g.jpg,340,,[object Object],,,,,NATCO-undefined,,,,,,2.25,
natco-garlic-amp-chilli-sauce-340g,Garlic &amp; Chilli Sauce 340g,,"",,./images/natco_garlic-amp-chilli-sauce-340g.jpg,340,,[object Object],,,,,NATCO-undefined,,,,,,2.25,
natco-tamarind-amp-date-sauce-340g,Tamarind &amp; Date Sauce 340g,,"",,./images/natco_tamarind-amp-date-sauce-340g.jpg,340,,[object Object],,,,,NATCO-undefined,,,,,,2.25,
natco-roasted-monkey-nuts-300g,Roasted Monkey Nuts 300g,,"",,./images/natco_roasted-monkey-nuts-300g.jpg,300,,[object Object],,,,,NATCO-undefined,,,,,,1.7,
natco-roasted-amp-salted-pistachio-nuts-1kg,Roasted &amp; Salted Pistachio Nuts 1kg,,"",,./images/natco_roasted-amp-salted-pistachio-nuts-1kg.jpg,1000,,[object Object],,,,,NATCO-undefined,,,,,,18.5,
natco-roasted-amp-salted-pistachio-nuts-300g,Roasted &amp; Salted Pistachio Nuts 300g,,"",,./images/natco_roasted-amp-salted-pistachio-nuts-300g.jpg,300,,[object Object],,,,,NATCO-undefined,,,,,,5.7,
natco-roasted-amp-salted-pistachio-nuts-100g,Roasted &amp; Salted Pistachio Nuts 100g,,"",,./images/natco_roasted-amp-salted-pistachio-nuts-100g.jpg,100,,[object Object],,,,,NATCO-undefined,,,,,,1.95,
natco-pappadoms-black-pepper-200g,Pappadoms Black Pepper 200g,,"",,./images/natco_pappadoms-black-pepper-200g.jpg,200,,[object Object],,,,,NATCO-undefined,,,,,,1.35,
natco-pappadoms-jeera-microwavable-200g,Pappadoms Jeera (Microwavable) 200g,,"",,./images/natco_pappadoms-jeera-microwavable-200g.jpg,200,,[object Object],,,,,NATCO-undefined,,,,,,1.45,
natco-pappadoms-plain-microwavable-200g,Pappadoms Plain (Microwavable) 200g,,"",,./images/natco_pappadoms-plain-microwavable-200g.jpg,200,,[object Object],,,,,NATCO-undefined,,,,,,1.35,
natco-pappadoms-punjabi-microwavable-200g,Pappadoms Punjabi (Microwavable) 200g,,"",,./images/natco_pappadoms-punjabi-microwavable-200g.jpg,200,,[object Object],,,,,NATCO-undefined,,,,,,1.6,
natco-pappadoms-madras-papa-brand-250g,Pappadoms Madras (Papa Brand) 250g,,"",,./images/natco_pappadoms-madras-papa-brand-250g.jpg,250,,[object Object],,,,,NATCO-undefined,,,,,,1.85,
natco-popcorn-2kg,Popcorn 2kg,,"",,./images/natco_popcorn-2kg.jpg,2000,,[object Object],,,,,NATCO-undefined,,,,,,3.2,
natco-popcorn-500g,Popcorn 500g,,"",,./images/natco_popcorn-500g.jpg,500,,[object Object],,,,,NATCO-undefined,,,,,,0.9,
natco-peanut-gachak-peanut-brittle-400g,Peanut Gachak (Peanut Brittle) 400g,,"",,./images/natco_peanut-gachak-peanut-brittle-400g.jpg,400,,[object Object],,,,,NATCO-undefined,,,,,,3.15,
natco-coconut-flour-200g,Coconut Flour 200g,,"",,./images/natco_coconut-flour-200g.jpg,200,,[object Object],,,,,NATCO-undefined,,,,,,2.25,
natco-coconut-flour-1kg,Coconut Flour 1kg,,"",,./images/natco_coconut-flour-1kg.jpg,1000,,[object Object],,,,,NATCO-undefined,,,,,,9.25,
natco-coconut-milk-400ml,Coconut Milk 400ml,,"",,./images/natco_coconut-milk-400ml.jpg,400,,[object Object],,,,,NATCO-undefined,,,,,,1.45,
natco-coconut-milk-full-case-6x400ml,Coconut Milk Full Case 6x400ml,,"",,./images/natco_coconut-milk-full-case-6x400ml.jpg,2710,,[object Object],,,,,NATCO-undefined,,,,,,8,
natco-coconut-milk-light-400ml,Coconut Milk Light 400ml,,"",,./images/natco_coconut-milk-light-400ml.jpg,400,,[object Object],,,,,NATCO-undefined,,,,,,1.1,
natco-coconut-milk-light-full-case-6x400ml,Coconut Milk Light Full Case 6x400ml,,"",,./images/natco_coconut-milk-light-full-case-6x400ml.jpg,2710,,[object Object],,,,,NATCO-undefined,,,,,,6,
natco-coconut-oil-parachute-brand-500ml,Coconut Oil (Parachute Brand) 500ml,,"",,./images/natco_coconut-oil-parachute-brand-500ml.jpg,500,,[object Object],,,,,NATCO-undefined,,,,,,5.65,
natco-coconut-desicated-medium-1kg,Coconut Desicated Medium 1kg,,"",,./images/natco_coconut-desicated-medium-1kg.jpg,1000,,[object Object],,,,,NATCO-undefined,,,,,,7.6,
natco-coconut-desiccated-fine-300g,Coconut Desiccated (Fine) 300g,,"",,./images/natco_coconut-desiccated-fine-300g.jpg,300,,[object Object],,,,,NATCO-undefined,,,,,,2.35,
natco-coconut-milk-powder-300g,Coconut Milk Powder 300g,,"",,./images/natco_coconut-milk-powder-300g.jpg,300,,[object Object],,,,,NATCO-undefined,,,,,,3.2,
natco-coconut-flakes-200g,Coconut Flakes 200g,,"",,./images/natco_coconut-flakes-200g.jpg,200,,[object Object],,,,,NATCO-undefined,,,,,,2.3,
natco-coconut-halves-250g,Coconut Halves 250g,,"",,./images/natco_coconut-halves-250g.jpg,250,,[object Object],,,,,NATCO-undefined,,,,,,2.75,
natco-coconut-flavouring-essence-28ml,Coconut Flavouring Essence 28ml,,"",,./images/natco_coconut-flavouring-essence-28ml.jpg,28,,[object Object],,,,,NATCO-undefined,,,,,,0.45,
natco-brinjal-chutney-sweet-300g,Brinjal Chutney Sweet 300g,,"",,./images/natco_brinjal-chutney-sweet-300g.jpg,300,,[object Object],,,,,NATCO-undefined,,,,,,2.05,
natco-mango-pickle-hot-300g,Mango Pickle Hot 300g,,"",,./images/natco_mango-pickle-hot-300g.jpg,300,,[object Object],,,,,NATCO-undefined,,,,,,2.05,
natco-chilli-pickle-hot-300g,Chilli Pickle Hot 300g,,"",,./images/natco_chilli-pickle-hot-300g.jpg,300,,[object Object],,,,,NATCO-undefined,,,,,,2.05,
natco-lime-pickle-hot-300g,Lime Pickle Hot 300g,,"",,./images/natco_lime-pickle-hot-300g.jpg,300,,[object Object],,,,,NATCO-undefined,,,,,,2.05,
natco-gorkeri-chutney-sweet-300g,Gorkeri Chutney Sweet 300g,,"",,./images/natco_gorkeri-chutney-sweet-300g.jpg,300,,[object Object],,,,,NATCO-undefined,,,,,,2,
natco-chundo-chutney-sweet-340g,Chundo Chutney Sweet 340g,,"",,./images/natco_chundo-chutney-sweet-340g.jpg,340,,[object Object],,,,,NATCO-undefined,,,,,,2.05,
natco-thecha-chilli-paste-300g,Thecha Chilli Paste 300g,,"",,./images/natco_thecha-chilli-paste-300g.jpg,300,,[object Object],,,,,NATCO-undefined,,,,,,1.95,
natco-mango-chutney-sweet-340g,Mango Chutney Sweet 340g,,"",,./images/natco_mango-chutney-sweet-340g.jpg,340,,[object Object],,,,,NATCO-undefined,,,,,,2.05,
natco-garlic-pickle-300g,Garlic Pickle 300g,,"",,./images/natco_garlic-pickle-300g.jpg,300,,[object Object],,,,,NATCO-undefined,,,,,,2.1,
natco-garlic-paste-190g,Garlic Paste 190g,,"",,./images/natco_garlic-paste-190g.jpg,190,,[object Object],,,,,NATCO-undefined,,,,,,1.8,
natco-ginger-paste-190g,Ginger Paste 190g,,"",,./images/natco_ginger-paste-190g.jpg,190,,[object Object],,,,,NATCO-undefined,,,,,,1.8,
natco-garlic-amp-ginger-paste-190g,Garlic &amp; Ginger Paste 190g,,"",,./images/natco_garlic-amp-ginger-paste-190g.jpg,190,,[object Object],,,,,NATCO-undefined,,,,,,1.8,
natco-bombay-sandwich-spread-280g,Bombay Sandwich Spread 280g,,"",,./images/natco_bombay-sandwich-spread-280g.jpg,280,,[object Object],,,,,NATCO-undefined,,,,,,2.1,
natco-chilli-sauce-hot-310g,Chilli Sauce Hot 310g,,"",,./images/natco_chilli-sauce-hot-310g.jpg,310,,[object Object],,,,,NATCO-undefined,,,,,,2.25,
natco-coriander-mint-sauce-340g,Coriander Mint Sauce 340g,,"",,./images/natco_coriander-mint-sauce-340g.jpg,310,,[object Object],,,,,NATCO-undefined,,,,,,2.25,
natco-cornmeal-fine-15kg,Cornmeal Fine 1.5kg,,"",,./images/natco_cornmeal-fine-15kg.jpg,1500,,[object Object],,,,,NATCO-undefined,,,,,,2.4,
natco-cornmeal-fine-500g,Cornmeal Fine 500g,,"",,./images/natco_cornmeal-fine-500g.png,500,,[object Object],,,,,NATCO-undefined,,,,,,0.9,
natco-cornmeal-medium-15kg,Cornmeal Medium 1.5kg,,"",,./images/natco_cornmeal-medium-15kg.jpg,1500,,[object Object],,,,,NATCO-undefined,,,,,,2.3,
natco-cornmeal-medium-500g,Cornmeal Medium 500g,,"",,./images/natco_cornmeal-medium-500g.jpg,500,,[object Object],,,,,NATCO-undefined,,,,,,0.8,
natco-golden-raisins-1kg,Golden Raisins 1kg,,"",,./images/natco_golden-raisins-1kg.jpg,1000,,[object Object],,,,,NATCO-undefined,,,,,,6.55,
natco-golden-raisins-100g,Golden Raisins 100g,,"",,./images/natco_golden-raisins-100g.jpg,100,,[object Object],,,,,NATCO-undefined,,,,,,0.85,
natco-demerara-sugar-15kg,Demerara Sugar 1.5kg,,"",,./images/natco_demerara-sugar-15kg.jpg,1500,,[object Object],,,,,NATCO-undefined,,,,,,2.7,
natco-almond-oil-500ml,Almond Oil 500ml,,"",,./images/natco_almond-oil-500ml.png,700,,[object Object],,,,,NATCO-undefined,,,,,,4.85,
natco-almond-oil-250ml,Almond Oil 250ml,,"",,./images/natco_almond-oil-250ml.png,500,,[object Object],,,,,NATCO-undefined,,,,,,3,
natco-castor-oil-250ml,Castor Oil 250ml,,"",,./images/natco_castor-oil-250ml.png,500,,[object Object],,,,,NATCO-undefined,,,,,,2.15,
natco-pure-linseed-oil-250ml,Pure Linseed Oil 250ml,,"",,./images/natco_pure-linseed-oil-250ml.png,500,,[object Object],,,,,NATCO-undefined,,,,,,2.25,
natco-groundnut-oil-1-litre,Groundnut Oil 1 Litre,,"",,./images/natco_groundnut-oil-1-litre.png,1200,,[object Object],,,,,NATCO-undefined,,,,,,4.3,
natco-pure-sesame-oil-1-litre,Pure Sesame Oil 1 Litre,,"",,./images/natco_pure-sesame-oil-1-litre.png,1200,,[object Object],,,,,NATCO-undefined,,,,,,6.7,
natco-pure-sesame-oil-250ml,Pure Sesame Oil 250ml,,"",,./images/natco_pure-sesame-oil-250ml.png,500,,[object Object],,,,,NATCO-undefined,,,,,,2.65,
natco-pomace-olive-oil-blend-3-litres,Pomace Olive Oil Blend 3 Litres,,"",,./images/natco_pomace-olive-oil-blend-3-litres.png,3000,,[object Object],,,,,NATCO-undefined,,,,,,9.75,
natco-pomace-olive-oil-5-litre,Pomace Olive Oil 5 Litre,,"",,./images/natco_pomace-olive-oil-5-litre.png,5000,,[object Object],,,,,NATCO-undefined,,,,,,20.5,
natco-cashew-roasted-salted-250g,Cashew Roasted Salted 250g,,"",,./images/natco_cashew-roasted-salted-250g.jpg,250,,[object Object],,,,,NATCO-undefined,,,,,,3.35,
natco-chapati-flour-white-15kg,Chapati Flour White 1.5kg,,"",,./images/natco_chapati-flour-white-15kg.jpg,1500,,[object Object],,,,,NATCO-undefined,,,,,,2.7,
natco-chapati-flour-medium-15kg,Chapati Flour Medium 1.5kg,,"",,./images/natco_chapati-flour-medium-15kg.jpg,1500,,[object Object],,,,,NATCO-undefined,,,,,,2.7,
natco-white-maize-meal-15kg,White Maize Meal 1.5kg,,"",,./images/natco_white-maize-meal-15kg.jpg,1500,,[object Object],,,,,NATCO-undefined,,,,,,3.2,
natco-gram-flour-superfine-2kg,Gram Flour Superfine 2kg,,"Our products are manufactured in a site that handles gluten, soya, milk, nuts, peanuts, sesame, mustard, celery and sulphites.",,./images/natco_gram-flour-superfine-2kg.jpg,2000,,[object Object],,,,,NATCO-undefined,,,,,,4.5,
natco-gram-flour-superfine-1kg,Gram Flour Superfine 1kg,,"Our products are manufactured in a site that handles gluten, soya, milk, nuts, peanuts, sesame, mustard, celery and sulphites.",,./images/natco_gram-flour-superfine-1kg.jpg,1000,,[object Object],,,,,NATCO-undefined,,,,,,2.5,
natco-gram-flour-superfine-500g,Gram Flour Superfine 500g,,"Our products are manufactured in a site that handles gluten, soya, milk, nuts, peanuts, sesame, mustard, celery and sulphites.",,./images/natco_gram-flour-superfine-500g.jpg,500,,[object Object],,,,,NATCO-undefined,,,,,,1.4,
natco-gram-flour-papa-brand-2kg,Gram Flour (Papa brand) 2kg,,"Our products are manufactured in a site that handles gluten, soya, milk, nuts, peanuts, sesame, mustard, celery and sulphites.",,./images/natco_gram-flour-papa-brand-2kg.jpg,2000,,[object Object],,,,,NATCO-undefined,,,,,,3.9,
natco-ground-rice-15kg,Ground Rice 1.5kg,,"",,./images/natco_ground-rice-15kg.jpg,1500,,[object Object],,,,,NATCO-undefined,,,,,,3.1,
natco-ground-rice-500g,Ground Rice 500g,,"",,./images/natco_ground-rice-500g.png,500,,[object Object],,,,,NATCO-undefined,,,,,,1.15,
natco-rice-flour-500g,Rice Flour 500g,,"",,./images/natco_rice-flour-500g.jpg,500,,[object Object],,,,,NATCO-undefined,,,,,,1.15,
natco-semolina-fine-15kg,Semolina Fine 1.5kg,,"",,./images/natco_semolina-fine-15kg.jpg,1500,,[object Object],,,,,NATCO-undefined,,,,,,2.9,
natco-semolina-fine-500g,Semolina Fine 500g,,"",,./images/natco_semolina-fine-500g.png,500,,[object Object],,,,,NATCO-undefined,,,,,,1.2,
natco-semolina-coarse-15kg,Semolina Coarse 1.5kg,,"",,./images/natco_semolina-coarse-15kg.jpg,1500,,[object Object],,,,,NATCO-undefined,,,,,,2.9,
natco-semolina-coarse-500g,Semolina Coarse 500g,,"",,./images/natco_semolina-coarse-500g.jpg,500,,[object Object],,,,,NATCO-undefined,,,,,,1.2,
natco-semolina-extra-coarse-15kg,Semolina Extra Coarse 1.5kg,,"",,./images/natco_semolina-extra-coarse-15kg.jpg,1500,,[object Object],,,,,NATCO-undefined,,,,,,3.95,
natco-millet-bajri-flour-900g,Millet (Bajri) Flour 900g,,"",,./images/natco_millet-bajri-flour-900g.jpg,900,,[object Object],,,,,NATCO-undefined,,,,,,2.4,
natco-milk-powder-750g,Milk Powder 750g,,"",,./images/natco_milk-powder-750g.jpg,750,,[object Object],,,,,NATCO-undefined,,,,,,8.25,
natco-milk-powder-300g,Milk Powder 300g,,"",,./images/natco_milk-powder-300g.png,300,,[object Object],,,,,NATCO-undefined,,,,,,3.9,
natco-rose-syrup-725ml,Rose Syrup 725ml,,"",,./images/natco_rose-syrup-725ml.jpg,1000,,[object Object],,,,,NATCO-undefined,,,,,,2.7,
natco-yellow-food-colouring-powder-25g,Yellow Food Colouring - Powder 25g,,"",,./images/natco_yellow-food-colouring-powder-25g.jpg,25,,[object Object],,,,,NATCO-undefined,,,,,,0.4,
natco-orange-food-colouring-powder-25g,Orange Food Colouring - Powder 25g,,"",,./images/natco_orange-food-colouring-powder-25g.jpg,25,,[object Object],,,,,NATCO-undefined,,,,,,0.5,
natco-red-food-colouring-powder-25g,Red Food Colouring - Powder 25g,,"",,./images/natco_red-food-colouring-powder-25g.jpg,25,,[object Object],,,,,NATCO-undefined,,,,,,0.4,
natco-green-food-colouring-powder-25g,Green Food Colouring - Powder 25g,,"",,./images/natco_green-food-colouring-powder-25g.jpg,25,,[object Object],,,,,NATCO-undefined,,,,,,0.45,
natco-orange-food-colouring-liquid-28ml,Orange Food Colouring - Liquid 28ml,,"",,./images/natco_orange-food-colouring-liquid-28ml.jpg,28,,[object Object],,,,,NATCO-undefined,,,,,,0.45,
natco-red-food-colouring-liquid-28ml,Red Food Colouring - Liquid 28ml,,"",,./images/natco_red-food-colouring-liquid-28ml.jpg,28,,[object Object],,,,,NATCO-undefined,,,,,,0.45,
natco-green-food-colouring-liquid-28ml,Green Food Colouring - Liquid 28ml,,"",,./images/natco_green-food-colouring-liquid-28ml.jpg,28,,[object Object],,,,,NATCO-undefined,,,,,,0.45,
natco-vanilla-flavouring-essence-28ml,Vanilla Flavouring Essence 28ml,,"",,./images/natco_vanilla-flavouring-essence-28ml.jpg,28,,[object Object],,,,,NATCO-undefined,,,,,,0.45,
natco-almond-flavouring-essence-28ml,Almond Flavouring Essence 28ml,,"",,./images/natco_almond-flavouring-essence-28ml.jpg,28,,[object Object],,,,,NATCO-undefined,,,,,,0.45,
natco-rose-flavouring-essence-28ml,Rose Flavouring Essence 28ml,,"",,./images/natco_rose-flavouring-essence-28ml.jpg,28,,[object Object],,,,,NATCO-undefined,,,,,,0.45,
natco-strawberry-flavouring-essence-28ml,Strawberry Flavouring Essence 28ml,,"",,./images/natco_strawberry-flavouring-essence-28ml.jpg,28,,[object Object],,,,,NATCO-undefined,,,,,,0.45,
natco-pineapple-flavouring-essence-28ml,Pineapple Flavouring Essence 28ml,,"",,./images/natco_pineapple-flavouring-essence-28ml.jpg,28,,[object Object],,,,,NATCO-undefined,,,,,,0.45,
natco-kevda-water-310ml,Kevda Water 310ml,,"",,./images/natco_kevda-water-310ml.jpg,310,,[object Object],,,,,NATCO-undefined,,,,,,1.8,
natco-rose-water-310ml,Rose Water 310ml,,"",,./images/natco_rose-water-310ml.jpg,310,,[object Object],,,,,NATCO-undefined,,,,,,1.8,
natco-ghee-pure-plough-brand-500g,Ghee Pure (Plough brand) 500g,,"",,./images/natco_ghee-pure-plough-brand-500g.jpg,500,,[object Object],,,,,NATCO-undefined,,,,,,5.45,
natco-ghee-pure-butter-1kg,Ghee Pure Butter 1kg,,"",,./images/natco_ghee-pure-butter-1kg.jpg,1000,,[object Object],,,,,NATCO-undefined,,,,,,8.6,
natco-pomace-olive-oil-1-litre,Pomace Olive Oil 1 Litre,,"",,./images/natco_pomace-olive-oil-1-litre.jpg,1000,,[object Object],,,,,NATCO-undefined,,,,,,3.35,
natco-olive-oil-extra-virgin-500ml,Olive Oil Extra Virgin 500ml,,"",,./images/natco_olive-oil-extra-virgin-500ml.jpg,500,,[object Object],,,,,NATCO-undefined,,,,,,4.25,
natco-mamra-basmati-908g,Mamra Basmati 908g,,"",,./images/natco_mamra-basmati-908g.jpg,908,,[object Object],,,,,NATCO-undefined,,,,,,6,
natco-mamra-basmati-200g,Mamra Basmati 200g,,"",,./images/natco_mamra-basmati-200g.jpg,200,,[object Object],,,,,NATCO-undefined,,,,,,2.4,
natco-black-eye-beans-500g,Black Eye Beans 500g,,"",,./images/natco_black-eye-beans-500g.png,500,,[object Object],,,,,NATCO-undefined,,,,,,1.5,
natco-butter-beans-2kg,Butter Beans 2kg,,"",,./images/natco_butter-beans-2kg.png,2000,,[object Object],,,,,NATCO-undefined,,,,,,9.25,
natco-butter-beans-500g,Butter Beans 500g,,"",,./images/natco_butter-beans-500g.png,500,,[object Object],,,,,NATCO-undefined,,,,,,2.45,
natco-brown-lentils-2kg,Brown Lentils 2kg,,"",,./images/natco_brown-lentils-2kg.png,2000,,[object Object],,,,,NATCO-undefined,,,,,,3.95,
natco-brown-lentils-500g,Brown Lentils 500g,,"",,./images/natco_brown-lentils-500g.jpg,500,,[object Object],,,,,NATCO-undefined,,,,,,1.15,
natco-chanadal-polished-2kg,Chanadal Polished 2kg,,"Our products are manufactured in a site that handles gluten, soya, milk, nuts, peanuts, sesame, mustard, celery and sulphites.",,./images/natco_chanadal-polished-2kg.jpg,2000,,[object Object],,,,,NATCO-undefined,,,,,,3.85,
natco-chanadal-polished-1kg,Chanadal Polished 1kg,,"Our products are manufactured in a site that handles gluten, soya, milk, nuts, peanuts, sesame, mustard, celery and sulphites.",,./images/natco_chanadal-polished-1kg.jpg,1000,,[object Object],,,,,NATCO-undefined,,,,,,3.15,
natco-chanadal-full-case-4x1kg,Chanadal Full Case 4x1kg,,"Our products are manufactured in a site that handles gluten, soya, milk, nuts, peanuts, sesame, mustard, celery and sulphites.",,./images/natco_chanadal-full-case-4x1kg.jpg,4200,,[object Object],,,,,NATCO-undefined,,,,,,11.8,
natco-green-lentils-1kg,Green Lentils 1kg,,"Our products are manufactured in a site that handles gluten, soya, milk, nuts, peanuts, sesame, mustard, celery and sulphites.",,./images/natco_green-lentils-1kg.jpg,1000,,[object Object],,,,,NATCO-undefined,,,,,,3.2,
natco-green-lentils-full-case-4x1kg,Green Lentils Full Case 4x1kg,,"Our products are manufactured in a site that handles gluten, soya, milk, nuts, peanuts, sesame, mustard, celery and sulphites.",,./images/natco_green-lentils-full-case-4x1kg.jpg,4200,,[object Object],,,,,NATCO-undefined,,,,,,11.95,
natco-green-lentils-2kg,Green Lentils 2kg,,"Our products are manufactured in a site that handles gluten, soya, milk, nuts, peanuts, sesame, mustard, celery and sulphites.",,./images/natco_green-lentils-2kg.jpg,2000,,[object Object],,,,,NATCO-undefined,,,,,,6.15,
natco-mung-beans-1kg,Mung Beans 1kg,,"",,./images/natco_mung-beans-1kg.jpg,1000,,[object Object],,,,,NATCO-undefined,,,,,,2.7,
natco-mung-beans-full-case-4x1kg,Mung Beans Full Case 4x1kg,,"",,./images/natco_mung-beans-full-case-4x1kg.jpg,4200,,[object Object],,,,,NATCO-undefined,,,,,,10.1,
natco-mung-beans-2kg,Mung Beans 2kg,,"",,./images/natco_mung-beans-2kg.jpg,2000,,[object Object],,,,,NATCO-undefined,,,,,,4.4,
natco-mung-split-2kg,Mung Split 2kg,,"",,./images/natco_mung-split-2kg.jpg,2000,,[object Object],,,,,NATCO-undefined,,,,,,6.45,
natco-mung-split-500g,Mung Split 500g,,"",,./images/natco_mung-split-500g.jpg,500,,[object Object],,,,,NATCO-undefined,,,,,,1.75,
natco-mung-dal-yellow-1kg,Mung Dal Yellow 1kg,,"Our products are manufactured in a site that handles gluten, soya, milk, nuts, peanuts, sesame, mustard, celery and sulphites.",,./images/natco_mung-dal-yellow-1kg.jpg,1000,,[object Object],,,,,NATCO-undefined,,,,,,3.2,
natco-gram-roasted-unsalted-300g,Gram Roasted Unsalted 300g,,"",,./images/natco_gram-roasted-unsalted-300g.jpg,300,,[object Object],,,,,NATCO-undefined,,,,,,1.55,
natco-gram-roasted-salted-300g,Gram Roasted Salted 300g,,"",,./images/natco_gram-roasted-salted-300g.jpg,300,,[object Object],,,,,NATCO-undefined,,,,,,1.55,
natco-daria-gotta-small-300g,Daria Gotta (Small) 300g,,"",,./images/natco_daria-gotta-small-300g.png,300,,[object Object],,,,,NATCO-undefined,,,,,,2,
natco-daria-gotta-large-700g,Daria Gotta (Large) 700g,,"",,./images/natco_daria-gotta-large-700g.jpg,700,,[object Object],,,,,NATCO-undefined,,,,,,7.25,
natco-daria-dal-300g,Daria Dal 300g,,"",,./images/natco_daria-dal-300g.jpg,300,,[object Object],,,,,NATCO-undefined,,,,,,2.05,
natco-pine-nuts-75g,Pine Nuts 75g,,"",,./images/natco_pine-nuts-75g.png,75,,[object Object],,,,,NATCO-undefined,,,,,,2.55,
natco-cashew-split-1kg,Cashew Split 1kg,,"",,./images/natco_cashew-split-1kg.jpg,1000,,[object Object],,,,,NATCO-undefined,,,,,,10.85,
natco-almond-blanched-whole-250g,Almond Blanched Whole 250g,,"",,./images/natco_almond-blanched-whole-250g.jpg,250,,[object Object],,,,,NATCO-undefined,,,,,,3.45,
natco-cashew-kernel-300g,Cashew Kernel 300g,,"Our products are manufactured in a site that handles gluten, soya, milk, nuts, peanuts, sesame, mustard, celery and sulphites.",,./images/natco_cashew-kernel-300g.jpg,300,,[object Object],,,,,NATCO-undefined,,,,,,4.1,
natco-almonds-1kg,Almonds 1kg,,"Our products are manufactured in a site that handles gluten, soya, milk, nuts, peanuts, sesame, mustard, celery and sulphites.",,./images/natco_almonds-1kg.jpg,1000,,[object Object],,,,,NATCO-undefined,,,,,,12.2,
natco-almonds-400g,Almonds 400g,,"Our products are manufactured in a site that handles gluten, soya, milk, nuts, peanuts, sesame, mustard, celery and sulphites.",,./images/natco_almonds-400g.jpg,400,,[object Object],,,,,NATCO-undefined,,,,,,4.95,
natco-almonds-ground-300g,Almonds Ground 300g,,"",,./images/natco_almonds-ground-300g.png,300,,[object Object],,,,,NATCO-undefined,,,,,,4.85,
natco-almond-flakes-1kg,Almond Flakes 1kg,,"",,./images/natco_almond-flakes-1kg.jpg,1000,,[object Object],,,,,NATCO-undefined,,,,,,13.3,
natco-almond-flakes-300g,Almond Flakes 300g,,"",,./images/natco_almond-flakes-300g.jpg,300,,[object Object],,,,,NATCO-undefined,,,,,,4.1,
natco-blanched-almond-whole-700g,Blanched Almond Whole 700g,,"",,./images/natco_blanched-almond-whole-700g.jpg,700,,[object Object],,,,,NATCO-undefined,,,,,,9.4,
natco-pecans-200g,Pecans 200g,,"",,./images/natco_pecans-200g.jpg,200,,[object Object],,,,,NATCO-undefined,,,,,,4.4,
natco-walnut-halves-700g,Walnut Halves 700g,,"Our products are manufactured in a site that handles gluten, soya, milk, nuts, peanuts, sesame, mustard, celery and sulphites.",,./images/natco_walnut-halves-700g.jpg,700,,[object Object],,,,,NATCO-undefined,,,,,,10.3,
natco-walnut-halves-200g,Walnut Halves 200g,,"Our products are manufactured in a site that handles gluten, soya, milk, nuts, peanuts, sesame, mustard, celery and sulphites.",,./images/natco_walnut-halves-200g.jpg,200,,[object Object],,,,,NATCO-undefined,,,,,,3.55,
natco-cashew-kernel-1kg,Cashew Kernel 1kg,,"Our products are manufactured in a site that handles gluten, soya, milk, nuts, peanuts, sesame, mustard, celery and sulphites.",,./images/natco_cashew-kernel-1kg.jpg,1000,,[object Object],,,,,NATCO-undefined,,,,,,13.15,
natco-cashew-large-white-pieces-750g,Cashew (Large White Pieces) 750g,,"",,./images/natco_cashew-large-white-pieces-750g.jpg,750,,[object Object],,,,,NATCO-undefined,,,,,,6.7,
natco-peanuts-red-1kg,Peanuts Red 1kg,,"",,./images/natco_peanuts-red-1kg.jpg,1000,,[object Object],,,,,NATCO-undefined,,,,,,4.5,
natco-peanuts-red-400g,Peanuts Red 400g,,"",,./images/natco_peanuts-red-400g.jpg,400,,[object Object],,,,,NATCO-undefined,,,,,,1.8,
natco-pappadoms-madras-coin-size-200g,Pappadoms Madras (Coin size) 200g,,"",,./images/natco_pappadoms-madras-coin-size-200g.jpg,200,,[object Object],,,,,NATCO-undefined,,,,,,2.55,
natco-pistachio-kernels-1kg,Pistachio Kernels 1kg,,"Our products are manufactured in a site that handles gluten, soya, milk, nuts, peanuts, sesame, mustard, celery and sulphites.",,./images/natco_pistachio-kernels-1kg.jpg,1000,,[object Object],,,,,NATCO-undefined,,,,,,36.6,
natco-pistachio-kernels-250g,Pistachio Kernels 250g,,"",,./images/natco_pistachio-kernels-250g.jpg,250,,[object Object],,,,,NATCO-undefined,,,,,,9.9,
natco-pistachio-kernels-100g,Pistachio Kernels 100g,,"",,./images/natco_pistachio-kernels-100g.jpg,100,,[object Object],,,,,NATCO-undefined,,,,,,3.95,
natco-luxury-fruit-amp-nut-mix-250g,Luxury Fruit &amp; Nut Mix 250g,,"",,./images/natco_luxury-fruit-amp-nut-mix-250g.png,250,,[object Object],,,,,NATCO-undefined,,,,,,2.45,
natco-luxury-fruit-amp-nuts-mix-750g,Luxury Fruit &amp; Nuts Mix 750g,,"",,./images/natco_luxury-fruit-amp-nuts-mix-750g.png,750,,[object Object],,,,,NATCO-undefined,,,,,,7.05,
natco-basmati-rice-india-bag-5kg,Basmati Rice India - Bag 5kg,,"",,./images/natco_basmati-rice-india-bag-5kg.jpg,5000,,[object Object],,,,,NATCO-undefined,,,,,,13,
natco-basmati-rice-kernel-5kg,Basmati Rice Kernel 5kg,,"",,./images/natco_basmati-rice-kernel-5kg.jpg,5000,,[object Object],,,,,NATCO-undefined,,,,,,13.95,
natco-long-grain-white-rice-5kg,Long Grain White Rice 5kg,,"",,./images/natco_long-grain-white-rice-5kg.jpg,5000,,[object Object],,,,,NATCO-undefined,,,,,,8.15,
natco-easycook-parboiled-rice-5kg,Easycook Parboiled Rice 5kg,,"",,./images/natco_easycook-parboiled-rice-5kg.jpg,5000,,[object Object],,,,,NATCO-undefined,,,,,,8.4,
natco-sona-masuri-rice-5kg,Sona Masuri Rice 5kg,,"",,./images/natco_sona-masuri-rice-5kg.jpg,5000,,[object Object],,,,,NATCO-undefined,,,,,,11.05,
natco-ponni-rice-5kg,Ponni Rice 5kg,,"",,./images/natco_ponni-rice-5kg.jpg,5000,,[object Object],,,,,NATCO-undefined,,,,,,11.4,
natco-idli-rice-5kg,Idli Rice 5kg,,"",,./images/natco_idli-rice-5kg.jpg,5000,,[object Object],,,,,NATCO-undefined,,,,,,10.5,
natco-powa-medium-flaked-rice-1kg,Powa Medium (Flaked Rice) 1kg,,"",,./images/natco_powa-medium-flaked-rice-1kg.png,1000,,[object Object],,,,,NATCO-undefined,,,,,,3.2,
natco-pumpkin-seeds-250g,Pumpkin Seeds 250g,,"",,./images/natco_pumpkin-seeds-250g.png,250,,[object Object],,,,,NATCO-undefined,,,,,,2.2,
natco-linseed-brown-1kg,Linseed Brown 1kg,,"",,./images/natco_linseed-brown-1kg.jpg,1000,,[object Object],,,,,NATCO-undefined,,,,,,3.05,
natco-linseed-brown-400g,Linseed Brown 400g,,"",,./images/natco_linseed-brown-400g.jpg,400,,[object Object],,,,,NATCO-undefined,,,,,,1.35,
natco-white-poppy-seeds-300g,White Poppy Seeds 300g,,"",,./images/natco_white-poppy-seeds-300g.png,300,,[object Object],,,,,NATCO-undefined,,,,,,3.7,
natco-white-poppy-seeds-100g,White Poppy Seeds 100g,,"",,./images/natco_white-poppy-seeds-100g.jpg,100,,[object Object],,,,,NATCO-undefined,,,,,,1.35,
natco-sunflower-seeds-1kg,Sunflower Seeds 1kg,,"",,./images/natco_sunflower-seeds-1kg.jpg,1000,,[object Object],,,,,NATCO-undefined,,,,,,2.95,
natco-sunflower-seeds-300g,Sunflower Seeds 300g,,"",,./images/natco_sunflower-seeds-300g.png,300,,[object Object],,,,,NATCO-undefined,,,,,,1.2,
natco-sagoo-seeds-medium-15kg,Sagoo Seeds Medium 1.5kg,,"",,./images/natco_sagoo-seeds-medium-15kg.jpg,1500,,[object Object],,,,,NATCO-undefined,,,,,,3.25,
natco-sesame-seeds-natural-400g,Sesame Seeds Natural 400g,,"",,./images/natco_sesame-seeds-natural-400g.png,400,,[object Object],,,,,NATCO-undefined,,,,,,1.55,
natco-sesame-seeds-hulled-15kg,Sesame Seeds Hulled 1.5kg,,"",,./images/natco_sesame-seeds-hulled-15kg.jpg,1500,,[object Object],,,,,NATCO-undefined,,,,,,5.7,
natco-black-chia-seeds-250g,Black Chia Seeds 250g,,"",,./images/natco_black-chia-seeds-250g.jpg,250,,[object Object],,,,,NATCO-undefined,,,,,,2.3,
natco-soya-beans-2kg,Soya Beans 2kg,,"",,./images/natco_soya-beans-2kg.jpg,2000,,[object Object],,,,,NATCO-undefined,,,,,,5,
natco-soya-beans-500g,Soya Beans 500g,,"",,./images/natco_soya-beans-500g.jpg,500,,[object Object],,,,,NATCO-undefined,,,,,,1.35,
natco-soya-chunks-350g,Soya Chunks 350g,,"",,./images/natco_soya-chunks-350g.jpg,350,,[object Object],,,,,NATCO-undefined,,,,,,2.25,
natco-soya-mince-300g,Soya Mince 300g,,"",,./images/natco_soya-mince-300g.jpg,300,,[object Object],,,,,NATCO-undefined,,,,,,1.85,
natco-punjabi-tinda-400g,Punjabi Tinda 400g,,"",,./images/natco_punjabi-tinda-400g.jpg,400,,[object Object],,,,,NATCO-undefined,,,,,,1.2,
natco-mango-pulp-alphonso-450g,Mango Pulp Alphonso 450g,,"",,./images/natco_mango-pulp-alphonso-450g.jpg,450,,[object Object],,,,,NATCO-undefined,,,,,,1.75,
natco-tomatoes-chopped-full-case-12x400g,Tomatoes Chopped Full Case 12x400g,,"",,./images/natco_tomatoes-chopped-full-case-12x400g.jpg,5057,,[object Object],,,,,NATCO-undefined,,,,,,8.25,
natco-red-lentils-polished-2kg,Red Lentils Polished 2kg,,"Allergen Info: May Contain Wheat - Our Red Lentils do not contain gluten and are not packed on the same machine as gluten-products, but we do have gluten products in a dedicated area of the factory. Our products are manufactured in a site that handles gluten, soya, milk, nuts, peanuts, sesame, mustard, celery and sulphites.",,./images/natco_red-lentils-polished-2kg.jpg,2000,,[object Object],,,,,NATCO-undefined,,,,,,3.85,
natco-basil-jar-25g,Basil Jar 25g,,"",,./images/natco_basil-jar-25g.jpg,25,,[object Object],,,,,NATCO-undefined,,,,,,1.05,
natco-coriander-leaves-jar-25g,Coriander Leaves Jar 25g,,"",,./images/natco_coriander-leaves-jar-25g.jpg,25,,[object Object],,,,,NATCO-undefined,,,,,,1.25,
natco-marjoram-jar-20g,Marjoram Jar 20g,,"",,./images/natco_marjoram-jar-20g.jpg,25,,[object Object],,,,,NATCO-undefined,,,,,,1,
natco-mint-jar-30g,Mint Jar 30g,,"",,./images/natco_mint-jar-30g.jpg,30,,[object Object],,,,,NATCO-undefined,,,,,,1.15,
natco-mixed-herbs-jar-25g,Mixed Herbs Jar 25g,,"",,./images/natco_mixed-herbs-jar-25g.jpg,25,,[object Object],,,,,NATCO-undefined,,,,,,1.2,
natco-oregano-jar-25g,Oregano Jar 25g,,"",,./images/natco_oregano-jar-25g.jpg,25,,[object Object],,,,,NATCO-undefined,,,,,,1.3,
natco-parsley-jar-25g,Parsley Jar 25g,,"",,./images/natco_parsley-jar-25g.jpg,25,,[object Object],,,,,NATCO-undefined,,,,,,1.2,
natco-sage-jar-25g,Sage Jar 25g,,"",,./images/natco_sage-jar-25g.jpg,25,,[object Object],,,,,NATCO-undefined,,,,,,1.15,
natco-ajwan-seeds-jar-100g,Ajwan Seeds Jar 100g,,"",,./images/natco_ajwan-seeds-jar-100g.jpg,100,,[object Object],,,,,NATCO-undefined,,,,,,1.3,
natco-amchoor-powder-jar-100g,Amchoor Powder Jar 100g,,"",,./images/natco_amchoor-powder-jar-100g.jpg,100,,[object Object],,,,,NATCO-undefined,,,,,,1.6,
natco-aniseed-star-jar-40g,Aniseed Star Jar 40g,,"",,./images/natco_aniseed-star-jar-40g.jpg,40,,[object Object],,,,,NATCO-undefined,,,,,,1.65,
natco-asafoetida-hing-jar-100g,Asafoetida (Hing) Jar 100g,,"",,./images/natco_asafoetida-hing-jar-100g.jpg,100,,[object Object],,,,,NATCO-undefined,,,,,,1.9,
natco-bay-leaves-jar-10g,Bay Leaves Jar 10g,,"",,./images/natco_bay-leaves-jar-10g.jpg,10,,[object Object],,,,,NATCO-undefined,,,,,,1.5,
natco-cardamom-green-jar-50g,Cardamom Green Jar 50g,,"",,./images/natco_cardamom-green-jar-50g.jpg,50,,[object Object],,,,,NATCO-undefined,,,,,,4.1,
natco-whole-birdseye-chilli-jar-50g,Whole Birdseye Chilli Jar 50g,,"",,./images/natco_whole-birdseye-chilli-jar-50g.jpg,50,,[object Object],,,,,NATCO-undefined,,,,,,1.75,
natco-chilli-crushed-jar-80g,Chilli Crushed Jar 80g,,"",,./images/natco_chilli-crushed-jar-80g.jpg,80,,[object Object],,,,,NATCO-undefined,,,,,,1.45,
natco-chilli-powder-hot-jar-100g,Chilli Powder Hot Jar 100g,,"",,./images/natco_chilli-powder-hot-jar-100g.jpg,100,,[object Object],,,,,NATCO-undefined,,,,,,1.25,
natco-cassia-dalchini-jar-50g,Cassia (Dalchini) Jar 50g,,"",,./images/natco_cassia-dalchini-jar-50g.jpg,50,,[object Object],,,,,NATCO-undefined,,,,,,1.8,
natco-cinnamon-ground-jar-100g,Cinnamon Ground Jar 100g,,"",,./images/natco_cinnamon-ground-jar-100g.jpg,100,,[object Object],,,,,NATCO-undefined,,,,,,1.5,
natco-cloves-jar-50g,Cloves Jar 50g,,"",,./images/natco_cloves-jar-50g.jpg,50,,[object Object],,,,,NATCO-undefined,,,,,,1.9,
natco-coriander-seeds-jar-65g,Coriander Seeds Jar 65g,,"",,./images/natco_coriander-seeds-jar-65g.jpg,65,,[object Object],,,,,NATCO-undefined,,,,,,1.1,
natco-coriander-ground-jar-70g,Coriander Ground Jar 70g,,"",,./images/natco_coriander-ground-jar-70g.jpg,70,,[object Object],,,,,NATCO-undefined,,,,,,1.15,
natco-all-purpose-seasoning-100g,All Purpose Seasoning 100g,,"",,./images/natco_all-purpose-seasoning-100g.png,100,,[object Object],,,,,NATCO-undefined,,,,,,0.7,
natco-all-purpose-seasoning-400g,All Purpose Seasoning 400g,,"",,./images/natco_all-purpose-seasoning-400g.jpg,400,,[object Object],,,,,NATCO-undefined,,,,,,2.1,
natco-anardana-powder-mangal-100g,Anardana Powder Mangal 100g,,"",,./images/natco_anardana-powder-mangal-100g.jpg,100,,[object Object],,,,,NATCO-undefined,,,,,,2.1,
natco-chana-masala-mangal-100g,Chana Masala Mangal 100g,,"",,./images/natco_chana-masala-mangal-100g.png,100,,[object Object],,,,,NATCO-undefined,,,,,,1.25,
natco-chat-masala-mangal-100g,Chat Masala Mangal 100g,,"",,./images/natco_chat-masala-mangal-100g.jpg,100,,[object Object],,,,,NATCO-undefined,,,,,,1.25,
natco-meat-masala-mangal-100g,Meat Masala Mangal 100g,,"",,./images/natco_meat-masala-mangal-100g.jpg,100,,[object Object],,,,,NATCO-undefined,,,,,,1.3,
natco-pickle-masala-mangal-125g,Pickle Masala Mangal 125g,,"",,./images/natco_pickle-masala-mangal-125g.png,125,,[object Object],,,,,NATCO-undefined,,,,,,1.4,
natco-sambhar-masala-mangal-100g,Sambhar Masala Mangal 100g,,"",,./images/natco_sambhar-masala-mangal-100g.jpg,100,,[object Object],,,,,NATCO-undefined,,,,,,1.3,
natco-chicken-masala-mangal-100g,Chicken Masala Mangal 100g,,"",,./images/natco_chicken-masala-mangal-100g.jpg,100,,[object Object],,,,,NATCO-undefined,,,,,,1.25,
natco-biryani-masala-mangal-50g,Biryani Masala Mangal 50g,,"",,./images/natco_biryani-masala-mangal-50g.jpg,50,,[object Object],,,,,NATCO-undefined,,,,,,1.2,
natco-pavbhaji-masala-mangal-100g,Pavbhaji Masala Mangal 100g,,"",,./images/natco_pavbhaji-masala-mangal-100g.jpg,100,,[object Object],,,,,NATCO-undefined,,,,,,1.55,
natco-garam-masala-400g,Garam Masala 400g,,"",,./images/natco_garam-masala-400g.jpg,400,,[object Object],,,,,NATCO-undefined,,,,,,4.9,
natco-mixed-masala-whole-300g,Mixed Masala Whole 300g,,"",,./images/natco_mixed-masala-whole-300g.jpg,300,,[object Object],,,,,NATCO-undefined,,,,,,3.55,
natco-tandoori-masala-400g,Tandoori Masala 400g,,"",,./images/natco_tandoori-masala-400g.jpg,400,,[object Object],,,,,NATCO-undefined,,,,,,3.45,
natco-garam-masala-jar-80g,Garam Masala Jar 80g,,"",,./images/natco_garam-masala-jar-80g.jpg,80,,[object Object],,,,,NATCO-undefined,,,,,,1.7,
natco-tandoori-masala-jar-100g,Tandoori Masala Jar 100g,,"",,./images/natco_tandoori-masala-jar-100g.jpg,100,,[object Object],,,,,NATCO-undefined,,,,,,1.6,
natco-dried-tarragon-25g,Dried Tarragon 25g,,"",,./images/natco_dried-tarragon-25g.jpg,25,,[object Object],,,,,NATCO-undefined,,,,,,1.55,
natco-sugar-candy-375g,Sugar Candy 375g,,"",,./images/natco_sugar-candy-375g.jpg,375,,[object Object],,,,,NATCO-undefined,,,,,,2.3,
natco-spinach-puree-395g,Spinach Puree 395g,,"",,./images/natco_spinach-puree-395g.jpg,395,,[object Object],,,,,NATCO-undefined,,,,,,1.15,
natco-mango-slices-alphonso-425g,Mango Slices Alphonso 425g,,"",,./images/natco_mango-slices-alphonso-425g.jpg,425,,[object Object],,,,,NATCO-undefined,,,,,,1.7,
natco-mango-pulp-kesar-850g,Mango Pulp Kesar 850g,,"",,./images/natco_mango-pulp-kesar-850g.jpg,850,,[object Object],,,,,NATCO-undefined,,,,,,2.6,
natco-crispy-fried-onions-400g,Crispy Fried Onions 400g,,"",,./images/natco_crispy-fried-onions-400g.jpg,400,,[object Object],,,,,NATCO-undefined,,,,,,2.75,
natco-spinach-leaf-396g,Spinach Leaf 396g,,"",,./images/natco_spinach-leaf-396g.jpg,380,,[object Object],,,,,NATCO-undefined,,,,,,1.25,
natco-spinach-leaf-full-case-12x396g,Spinach Leaf Full Case 12x396g,,"",,./images/natco_spinach-leaf-full-case-12x396g.jpg,5480,,[object Object],,,,,NATCO-undefined,,,,,,14.35,
natco-spinach-puree-794g,Spinach Puree 794g,,"",,./images/natco_spinach-puree-794g.jpg,795,,[object Object],,,,,NATCO-undefined,,,,,,2.4,
natco-spinach-puree-full-case-12x794g,Spinach Puree Full Case 12x794g,,"",,./images/natco_spinach-puree-full-case-12x794g.jpg,10850,,[object Object],,,,,NATCO-undefined,,,,,,26.9,
natco-tomato-paste-800g,Tomato Paste 800g,,"",,./images/natco_tomato-paste-800g.jpg,800,,[object Object],,,,,NATCO-undefined,,,,,,2.6,
natco-tomato-paste-full-case-12x800g,Tomato Paste Full Case 12x800g,,"",,./images/natco_tomato-paste-full-case-12x800g.jpg,10790,,[object Object],,,,,NATCO-undefined,,,,,,29.45,
natco-tomatoes-peeled-400g,Tomatoes Peeled 400g,,"",,./images/natco_tomatoes-peeled-400g.jpg,400,,[object Object],,,,,NATCO-undefined,,,,,,0.65,
natco-tomatoes-peeled-full-case-24x400g,Tomatoes Peeled Full Case 24x400g,,"",,./images/natco_tomatoes-peeled-full-case-24x400g.jpg,5480,,[object Object],,,,,NATCO-undefined,,,,,,15,
natco-tomatoes-chopped-400g,Tomatoes Chopped 400g,,"",,./images/natco_tomatoes-chopped-400g.jpg,400,,[object Object],,,,,NATCO-undefined,,,,,,0.75,
natco-patra-400g,Patra 400g,,"",,./images/natco_patra-400g.jpg,400,,[object Object],,,,,NATCO-undefined,,,,,,1.3,
natco-patra-full-case-12x400g,Patra Full Case 12x400g,,"",,./images/natco_patra-full-case-12x400g.jpg,5480,,[object Object],,,,,NATCO-undefined,,,,,,14.85,
natco-sarson-ka-saag-450g,Sarson Ka Saag 450g,,"",,./images/natco_sarson-ka-saag-450g.jpg,450,,[object Object],,,,,NATCO-undefined,,,,,,1.45,
natco-sarson-ka-saag-full-case-12x450g,Sarson Ka Saag Full Case 12x450g,,"",,./images/natco_sarson-ka-saag-full-case-12x450g.jpg,6040,,[object Object],,,,,NATCO-undefined,,,,,,16.4,
natco-karela-400g,Karela 400g,,"",,./images/natco_karela-400g.jpg,400,,[object Object],,,,,NATCO-undefined,,,,,,1.2,
natco-karela-full-case-12x400g,Karela Full Case 12x400g,,"",,./images/natco_karela-full-case-12x400g.jpg,5480,,[object Object],,,,,NATCO-undefined,,,,,,13.5,
natco-lotus-root-400g,Lotus Root 400g,,"",,./images/natco_lotus-root-400g.jpg,400,,[object Object],,,,,NATCO-undefined,,,,,,1.55,
natco-lotus-root-full-case-12x400g,Lotus Root Full Case 12x400g,,"",,./images/natco_lotus-root-full-case-12x400g.jpg,5480,,[object Object],,,,,NATCO-undefined,,,,,,17.4,
natco-okra-400g,Okra 400g,,"",,./images/natco_okra-400g.png,400,,[object Object],,,,,NATCO-undefined,,,,,,1.3,
natco-suran-yam-400g,Suran (Yam) 400g,,"",,./images/natco_suran-yam-400g.jpg,400,,[object Object],,,,,NATCO-undefined,,,,,,1.3,
natco-suran-yam-full-case-12x400g,Suran (Yam) Full Case 12x400g,,"",,./images/natco_suran-yam-full-case-12x400g.jpg,5480,,[object Object],,,,,NATCO-undefined,,,,,,14.4,
natco-couscous-500g,Couscous 500g,,"",,./images/natco_couscous-500g.jpg,500,,[object Object],,,,,NATCO-undefined,,,,,,1.85,
natco-vermice-taposdini-fedelini-500g,Vermice T&apos;Dini-Fedelini 500g,,"",,./images/natco_vermice-taposdini-fedelini-500g.jpg,500,,[object Object],,,,,NATCO-undefined,,,,,,2.35,