"handle","product_title","thumbnail_url","issue"
"hamdard-rooh-afza","Hamdard Rooh Afza","/uploads/hamdard-rooh-afza.jpg","FILE_MISSING"
"maaza-mango-drink","Maaza Mango Drink","/uploads/maaza-mango-drink.jpg","FILE_MISSING"
"aachi-kadugu-manga","Aachi - Kadugu Manga","/uploads/aachi_kadugu-manga.jpg","FILE_MISSING"
"aachi-lemon-pickle","Aachi - Lemon Pickle","/uploads/aachi_lemon-pickle.jpg","FILE_MISSING"
"aachi-mango-pickle","Aachi - Mango Pickle","/uploads/aachi_mango-pickle.jpg","FILE_MISSING"
"aashirvaad-atta-select","Aashirvaad Atta Select","/uploads/aashirvaad-atta-select.jpg","FILE_MISSING"
"amul-dark-chocolate","Amul - Dark Chocolate","/uploads/amul_dark-chocolate.jpg","FILE_MISSING"
"amul-pure-ghee","Amul - Pure Ghee","/uploads/amul_pure-ghee.jpg","FILE_MISSING"
"ashoka-bombay-potato","Ashoka - Bombay Potato","/uploads/ashoka_bombay-potato.jpg","FILE_MISSING"
"ashoka-butter-chicken","Ashoka - Butter Chicken","/uploads/ashoka_butter-chicken.jpg","FILE_MISSING"
"ashoka-chana-masala","Ashoka - Chana Masala","/uploads/ashoka_chana-masala.jpg","FILE_MISSING"
"ashoka-dal-makhani","Ashoka - Dal Makhani","/uploads/ashoka_dal-makhani.jpg","FILE_MISSING"
"ashoka-mutter-paneer","Ashoka - Mutter Paneer","/uploads/ashoka_mutter-paneer.jpg","FILE_MISSING"
"ashoka-palak-paneer","Ashoka - Palak Paneer","/uploads/ashoka_palak-paneer.jpg","FILE_MISSING"
"ashoka-rajma-masala","Ashoka - Rajma Masala","/uploads/ashoka_rajma-masala.jpg","FILE_MISSING"
"ashoka-tarka-dhal","Ashoka - Tarka Dhal","/uploads/ashoka_tarka-dhal.jpg","FILE_MISSING"
"bikaji-gulab-jamun-tin","Bikaji - Gulab Jamun Tin","/uploads/bikaji_gulab-jamun.jpg","FILE_MISSING"
"bikaji-khatta-meetha","Bikaji - Khatta Meetha","/uploads/bikaji_khatta-meetha.jpg","FILE_MISSING"
"bikaji-soan-papdi","Bikaji - Soan Papdi","/uploads/bikaji_soan-papdi.jpg","FILE_MISSING"
"bournvita","Bournvita - Health Drink","/uploads/bournvita_health-drink.jpg","FILE_MISSING"
"bovonto-grape-300ml-6pack","Bovonto - Grape Soda 6-Pack","/uploads/bovonto_grape-soda.jpg","FILE_MISSING"
"britannia-bourbon-cream","Britannia Bourbon Cream","/uploads/britannia-bourbon-cream.jpg","FILE_MISSING"
"britannia-good-day-butter-cookies","Britannia Good Day Butter Cookies","/uploads/britannia-good-day-butter-cookies.jpg","FILE_MISSING"
"britannia-good-day-cashew-cookies","Britannia Good Day Cashew Cookies","/uploads/britannia-good-day-cashew-cookies.jpg","FILE_MISSING"
"britannia-marie-gold","Britannia Marie Gold","/uploads/britannia-marie-gold.jpg","FILE_MISSING"
"brooke-bond-red-label","Brooke Bond - Red Label Tea","/uploads/brooke-bond_red-label.jpg","FILE_MISSING"
"bru-instant-coffee","Bru - Instant Coffee Original","/uploads/bru_instant-coffee.jpg","FILE_MISSING"
"cadbury-5star-import-6pack","Cadbury - 5 Star Indian Import 6-Pack","/uploads/cadbury_5star.jpg","FILE_MISSING"
"cadbury-gems-import-6pack","Cadbury - Gems Indian Import 6-Pack","/uploads/cadbury_gems.jpg","FILE_MISSING"
"cadbury-perk-import-6pack","Cadbury - Perk Indian Import 6-Pack","/uploads/cadbury_perk.jpg","FILE_MISSING"
"chings-hakka-noodles","Ching's Secret - Hakka Noodles","/uploads/chings_hakka-noodles.jpg","FILE_MISSING"
"chings-schezwan-noodles","Ching's Secret - Schezwan Noodles","/uploads/chings_schezwan-noodles.jpg","FILE_MISSING"
"chings-schezwan-sauce","Ching's Secret - Schezwan Sauce","/uploads/chings_schezwan-sauce.jpg","FILE_MISSING"
"daawat-rozana-basmati","Daawat Rozana Basmati","/uploads/daawat-rozana-basmati.jpg","FILE_MISSING"
"dabur-chyawanprash","Dabur - Chyawanprash","/uploads/dabur_chyawanprash.jpg","FILE_MISSING"
"elephant-atta-chakki-fresh","Elephant Atta Chakki Fresh","/uploads/elephant-atta-chakki-fresh.jpg","FILE_MISSING"
"everest-garam-masala","Everest - Garam Masala","/uploads/everest_garam-masala.jpg","FILE_MISSING"
"everest-pav-bhaji-masala","Everest - Pav Bhaji Masala","/uploads/everest_pav-bhaji.jpg","FILE_MISSING"
"everest-sambhar-masala","Everest - Sambhar Masala","/uploads/everest_sambhar-masala.jpg","FILE_MISSING"
"everest-tea-masala","Everest - Tea Masala","/uploads/everest_tea-masala.jpg","FILE_MISSING"
"falak-super-basmati","Falak Super Basmati","/uploads/falak-super-basmati.jpg","FILE_MISSING"
"frooti-mango-1l","Frooti - Mango Drink","/uploads/frooti_mango.jpg","FILE_MISSING"
"girnar-masala-chai-teabags-100","Girnar - Masala Chai Tea Bags 100 Box","/uploads/girnar_masala-chai.jpg","FILE_MISSING"
"glucon-d-mango","Glucon-D - Mango","/uploads/glucon-d_mango.jpg","FILE_MISSING"
"hajmola-digestive-jar-100tabs","Hajmola - Digestive Candy Jar 100 Tablets","/uploads/hajmola_digestive.jpg","FILE_MISSING"
"haldirams-gulab-jamun-tin","Haldiram's Gulab Jamun Tin","/uploads/haldirams-gulab-jamun-tin.jpg","FILE_MISSING"
"haldirams-moong-dal","Haldiram's Moong Dal","/uploads/haldirams-moong-dal.jpg","FILE_MISSING"
"haldirams-rasgulla-tin","Haldiram's Rasgulla Tin","/uploads/haldirams-rasgulla-tin.jpg","FILE_MISSING"
"haldirams-soan-papdi","Haldiram's Soan Papdi","/uploads/haldirams-soan-papdi.jpg","FILE_MISSING"
"haldirams-mathri","Haldiram's - Mathri","/uploads/haldirams_mathri.jpg","FILE_MISSING"
"rooh-afza","Hamdard - Rooh Afza","/uploads/hamdard_rooh-afza.jpg","FILE_MISSING"
"horlicks-original","Horlicks - Original","/uploads/horlicks_original.jpg","FILE_MISSING"
"idhayam-sesame-oil","Idhayam - Sesame / Gingelly Oil","/uploads/idhayam_sesame-oil.jpg","FILE_MISSING"
"karachi-bakery-fruit-biscuits","Karachi Bakery - Fruit Biscuits","/uploads/karachi_fruit-biscuits.jpg","FILE_MISSING"
"karachi-bakery-osmania-biscuits","Karachi Bakery - Osmania Biscuits","/uploads/karachi_osmania-biscuits.jpg","FILE_MISSING"
"kohinoor-extra-long-basmati","Kohinoor Extra Long Basmati","/uploads/kohinoor-extra-long-basmati.jpg","FILE_MISSING"
"lal-qilla-premium-basmati","Lal Qilla Premium Basmati","/uploads/lal-qilla-premium-basmati.jpg","FILE_MISSING"
"laziza-gajar-halwa-mix","Laziza - Gajar Ka Halwa Mix","/uploads/laziza_gajar-halwa.jpg","FILE_MISSING"
"laziza-gulab-jamun-mix","Laziza - Gulab Jamun Mix","/uploads/laziza_gulab-jamun.jpg","FILE_MISSING"
"laziza-kheer-mix","Laziza - Kheer Mix","/uploads/laziza_kheer-mix.jpg","FILE_MISSING"
"laziza-kulfi-mix","Laziza - Kulfi Mix","/uploads/laziza_kulfi.jpg","FILE_MISSING"
"laziza-rasmalai-mix","Laziza - Rasmalai Mix","/uploads/laziza_rasmalai.jpg","FILE_MISSING"
"laziza-zarda-mix","Laziza - Zarda Sweet Rice Mix","/uploads/laziza_zarda.jpg","FILE_MISSING"
"leo-coffee-pure","Leo Coffee - Pure","/uploads/leo-coffee_pure.jpg","FILE_MISSING"
"lg-asafoetida-hing","LG - Asafoetida Hing","/uploads/lg_hing.jpg","FILE_MISSING"
"lijjat-moong-dal-papad","Lijjat Moong Dal Papad","/uploads/lijjat-moong-dal-papad.jpg","FILE_MISSING"
"lijjat-urad-papad-extra-thin","Lijjat Urad Papad Extra Thin","/uploads/lijjat-urad-papad-extra-thin.jpg","FILE_MISSING"
"lijjat-urad-special-papad","Lijjat Urad Special Papad","/uploads/lijjat-urad-special-papad.jpg","FILE_MISSING"
"maggi-2-minute-noodles-masala-4-pack","Maggi 2-Minute Noodles Masala","/uploads/maggi-2-minute-noodles-masala.jpg","FILE_MISSING"
"maggi-2-minute-noodles-masala-8-pack","Maggi 2-Minute Noodles Masala 8-Pack","/uploads/maggi-2-minute-noodles-masala.jpg","FILE_MISSING"
"maggi-hot-sweet-sauce","Maggi Hot & Sweet Sauce","/uploads/maggi-hot-and-sweet-sauce.jpg","FILE_MISSING"
"maggi-noodles-masala-4pack","Maggi - 2-Minute Noodles Masala 4-Pack","/uploads/maggi_masala-noodles.jpg","FILE_MISSING"
"maggi-noodles-masala-8pack","Maggi - 2-Minute Noodles Masala 8-Pack","/uploads/maggi_masala-noodles.jpg","FILE_MISSING"
"mdh-sambar-masala","MDH - Sambar Masala","/uploads/mdh_sambar-masala.jpg","FILE_MISSING"
"mtr-dosa-mix","MTR - Plain Dosa Mix","/uploads/mtr_dosa-mix.jpg","FILE_MISSING"
"mtr-gulab-jamun-tin","MTR - Gulab Jamun Tin","/uploads/mtr_gulab-jamun.jpg","FILE_MISSING"
"mtr-idli-mix","MTR - Idli Mix","/uploads/mtr_idli-mix.jpg","FILE_MISSING"
"mtr-khaman-dhokla-mix","MTR - Khaman Dhokla Mix","/uploads/mtr_dhokla-mix.jpg","FILE_MISSING"
"mtr-rasmalai-tin","MTR - Rasmalai Tin","/uploads/mtr_rasmalai.jpg","FILE_MISSING"
"mtr-rava-dosa-mix","MTR - Rava Dosa Mix","/uploads/mtr_rava-dosa.jpg","FILE_MISSING"
"mtr-rava-idli-mix","MTR - Rava Idli Mix","/uploads/mtr_rava-idli.jpg","FILE_MISSING"
"mtr-roasted-vermicelli","MTR - Roasted Vermicelli","/uploads/mtr_roasted-vermicelli.jpg","FILE_MISSING"
"mtr-upma-mix","MTR - Upma Mix","/uploads/mtr_upma-mix.jpg","FILE_MISSING"
"mtr-vada-mix","MTR - Vada Mix","/uploads/mtr_vada-mix.jpg","FILE_MISSING"
"national-mango-pickle","National Foods - Mango Pickle","/uploads/national_mango-pickle.jpg","FILE_MISSING"
"national-mixed-pickle","National Foods - Mixed Pickle","/uploads/national_mixed-pickle.jpg","FILE_MISSING"
"nescafe-classic","Nescafe - Classic","/uploads/nescafe_classic.jpg","FILE_MISSING"
"parachute-coconut-oil","Parachute - Coconut Oil","/uploads/parachute_coconut-oil.jpg","FILE_MISSING"
"parle-bourbon","Parle Bourbon","/uploads/parle-bourbon.jpg","FILE_MISSING"
"parle-g-glucose-biscuits","Parle-G Glucose Biscuits","/uploads/parle-g-glucose-biscuits.jpg","FILE_MISSING"
"parle-mango-bite-40-piece-bag","Parle Mango Bite","/uploads/parle-mango-bite.jpg","FILE_MISSING"
"parle-melody-40-piece-bag","Parle Melody","","NO_THUMBNAIL"
"parle-monaco-salted-crackers","Parle Monaco Salted Crackers","/uploads/parle-monaco-salted-crackers.jpg","FILE_MISSING"
"pataks-lime-pickle","Patak's Lime Pickle","/uploads/pataks-lime-pickle.jpg","FILE_MISSING"
"pataks-mango-chutney","Patak's Mango Chutney","/uploads/pataks-mango-chutney.jpg","FILE_MISSING"
"pataks-mixed-pickle","Patak's Mixed Pickle","/uploads/pataks-mixed-pickle.jpg","FILE_MISSING"
"pataks-tikka-masala-paste","Patak's Tikka Masala Paste","/uploads/pataks-tikka-masala-paste.jpg","FILE_MISSING"
"pillsbury-chakki-fresh-atta","Pillsbury Chakki Fresh Atta","/uploads/pillsbury-chakki-fresh-atta.jpg","FILE_MISSING"
"priya-avakaya-mango-pickle","Priya - Avakaya Mango Pickle","/uploads/priya_avakaya-pickle.jpg","FILE_MISSING"
"priya-garlic-pickle","Priya - Garlic Pickle","/uploads/priya_garlic-pickle.jpg","FILE_MISSING"
"priya-gongura-pickle","Priya - Gongura Pickle","/uploads/priya_gongura-pickle.jpg","FILE_MISSING"
"priya-tomato-pickle","Priya - Tomato Pickle","/uploads/priya_tomato-pickle.jpg","FILE_MISSING"
"rasna-mango-concentrate","Rasna - Mango Concentrate","/uploads/rasna_mango-concentrate.jpg","FILE_MISSING"
"shan-achar-gosht-masala","Shan - Achar Gosht Masala","/uploads/shan_achar-gosht.jpg","FILE_MISSING"
"shan-bombay-biryani-mix","Shan Bombay Biryani Mix","/uploads/shan-bombay-biryani-mix.jpg","FILE_MISSING"
"shan-haleem-mix","Shan Haleem Mix","/uploads/shan-haleem-mix.jpg","FILE_MISSING"
"shan-pilau-rice-mix","Shan - Pilau Rice Mix","/uploads/shan_pilau-rice.jpg","FILE_MISSING"
"shan-sindhi-biryani-mix","Shan Sindhi Biryani Mix","/uploads/shan-sindhi-biryani-mix.jpg","FILE_MISSING"
"shan-special-beef-biryani-mix","Shan Special Beef Biryani Mix","/uploads/shan-special-beef-biryani-mix.jpg","FILE_MISSING"
"shan-special-chicken-biryani-mix","Shan Special Chicken Biryani Mix","/uploads/shan-special-chicken-biryani-mix.jpg","FILE_MISSING"
"shan-special-mutton-biryani-mix","Shan Special Mutton Biryani Mix","/uploads/shan-special-mutton-biryani-mix.jpg","FILE_MISSING"
"tata-gold-tea","Tata Gold - Tea","/uploads/tata-gold_tea.jpg","FILE_MISSING"
"tilda-pure-basmati","Tilda Pure Basmati","/uploads/tilda-pure-basmati.jpg","FILE_MISSING"
"trs-puffed-lotus-seeds-makhana","TRS Puffed Lotus Seeds Makhana","/uploads/trs-puffed-lotus-seeds-makhana.jpg","FILE_MISSING"
"trs-chilli-powder-hot","TRS - Chilli Powder Hot","/uploads/trs_chilli-powder-hot.jpg","FILE_MISSING"
"trs-coconut-milk","TRS - Coconut Milk","/uploads/trs_coconut-milk.jpg","FILE_MISSING"
"trs-dark-red-kidney-beans","TRS - Dark Red Kidney Beans","/uploads/trs_rajma-dark.jpg","FILE_MISSING"
"trs-garlic-paste","TRS - Garlic Paste","/uploads/trs_garlic-paste.jpg","FILE_MISSING"
"trs-kala-chana","TRS - Kala Chana","/uploads/trs_kala-chana.jpg","FILE_MISSING"
"trs-kashmiri-chilli-powder","TRS - Kashmiri Chilli Powder","/uploads/trs_kashmiri-chilli.jpg","FILE_MISSING"
"trs-kewra-water","TRS - Kewra Water","/uploads/trs_kewra-water.jpg","FILE_MISSING"
"trs-mixed-panchratna-dal","TRS - Mixed Panchratna Dal","/uploads/trs_panchratna-dal.jpg","FILE_MISSING"
"trs-moong-whole-green","TRS - Moong Whole Green","/uploads/trs_moong-whole.jpg","FILE_MISSING"
"trs-mukhwas","TRS - Mukhwas Mouth Freshener","/uploads/trs_mukhwas.jpg","FILE_MISSING"
"trs-mustard-oil","TRS - Mustard Oil","/uploads/trs_mustard-oil.jpg","FILE_MISSING"
"trs-pure-ghee","TRS - Pure Ghee","/uploads/trs_pure-ghee.jpg","FILE_MISSING"
"trs-roasted-chana-daria","TRS - Roasted Chana Daria","/uploads/trs_roasted-chana.jpg","FILE_MISSING"
"trs-roasted-cumin-powder","TRS - Roasted Cumin Powder","/uploads/trs_roasted-cumin.jpg","FILE_MISSING"
"trs-roasted-peanuts","TRS - Roasted Peanuts","/uploads/trs_roasted-peanuts.jpg","FILE_MISSING"
"trs-rose-water","TRS - Rose Water","/uploads/trs_rose-water.jpg","FILE_MISSING"
"trs-tamarind-block","TRS - Tamarind Block","/uploads/trs_tamarind-block.jpg","FILE_MISSING"
"trs-toor-dal-dry","TRS - Toor Dal Dry","/uploads/trs_toor-dal.jpg","FILE_MISSING"
"trs-toor-dal-oily","TRS - Toor Dal Oily","/uploads/trs_toor-dal.jpg","FILE_MISSING"
"trs-urad-dal-black-whole","TRS - Urad Dal Black Whole","/uploads/trs_urad-black.jpg","FILE_MISSING"
"udhayam-filter-coffee","Udhayam - Filter Coffee","/uploads/udhayam_filter-coffee.jpg","FILE_MISSING"
"wagh-bakri-masala-chai-250g","Wagh Bakri - Masala Chai","/uploads/wagh-bakri_masala-chai.jpg","FILE_MISSING"
"wagh-bakri-premium-tea","Wagh Bakri - Premium Tea","/uploads/wagh-bakri_premium-tea.jpg","FILE_MISSING"
