handle,title,status,thumbnail,category_handle,variants
4567669735496,Natco - Chakki Atta Multigrain,published,/uploads/natco_chakki-atta-multigrain-5kg.jpg,atta_flour,1
4567669833800,Natco - Chapati Flour Medium,published,/uploads/natco_chapati-flour-medium-15kg.jpg,atta_flour,1
4567669866568,Natco - Chapati Flour White,published,/uploads/natco_chapati-flour-white-15kg.jpg,atta_flour,1
aashirvaad-atta-select,Aashirvaad Atta Select,published,/images/products/aashirvaad-atta-select.jpg,atta_flour,2
elephant-atta-chakki-fresh,Elephant Atta Chakki Fresh,published,/uploads/elephant-atta-chakki-fresh.jpg,atta_flour,2
pillsbury-chakki-fresh-atta,Pillsbury Chakki Fresh Atta,published,/images/products/pillsbury-chakki-fresh-atta.jpg,atta_flour,2
15097116393857,Natco - Lemon Juice 1 Ltr,published,/uploads/natco_lemon-juice-1-ltr.jpg,baking_essences,1
15097122881921,Natco - Lemon Juice,published,/uploads/natco_lemon-juice-500ml.jpg,baking_essences,1
15097233015169,Natco - Lemon Juice with Essential Oil,published,/uploads/natco_lemon-juice-with-essential-oil-200ml.jpg,baking_essences,1
4567655219272,Natco - Rose Water,published,/uploads/natco_rose-water-310ml.jpg,baking_essences,1
4567655284808,Natco - Kevda Water,published,/uploads/natco_kevda-water-310ml.jpg,baking_essences,1
4567655350344,Natco - Coconut Flavouring Essence,published,/uploads/natco_coconut-flavouring-essence-28ml.jpg,baking_essences,1
4567655383112,Natco - Pineapple Flavouring Essence,published,/uploads/natco_pineapple-flavouring-essence-28ml.jpg,baking_essences,1
4567655448648,Natco - Strawberry Flavouring Essence,published,/uploads/natco_strawberry-flavouring-essence-28ml.jpg,baking_essences,1
4567655514184,Natco - Rose Flavouring Essence,published,/uploads/natco_rose-flavouring-essence-28ml.jpg,baking_essences,1
4567655612488,Natco - Almond Flavouring Essence,published,/uploads/natco_almond-flavouring-essence-28ml.jpg,baking_essences,1
4567655678024,Natco - Vanilla Flavouring Essence,published,/uploads/natco_vanilla-flavouring-essence-28ml.jpg,baking_essences,1
4567655743560,Natco - Green Food Colouring - Liquid,published,/uploads/natco_green-food-colouring-liquid-28ml.jpg,baking_essences,1
4567655841864,Natco - Red Food Colouring - Liquid,published,/uploads/natco_red-food-colouring-liquid-28ml.jpg,baking_essences,1
4567655874632,Natco - Orange Food Colouring - Liquid,published,/uploads/natco_orange-food-colouring-liquid-28ml.jpg,baking_essences,1
4567655972936,Natco - Green Food Colouring - Powder,published,/uploads/natco_green-food-colouring-powder-25g.jpg,baking_essences,1
4567656005704,Natco - Red Food Colouring - Powder,published,/uploads/natco_red-food-colouring-powder-25g.jpg,baking_essences,1
4567656071240,Natco - Orange Food Colouring - Powder,published,/uploads/natco_orange-food-colouring-powder-25g.jpg,baking_essences,1
4567656104008,Natco - Yellow Food Colouring - Powder,published,/uploads/natco_yellow-food-colouring-powder-25g.jpg,baking_essences,1
4567667769416,Natco - Rose Syrup,published,/uploads/natco_rose-syrup-725ml.jpg,baking_essences,1
4567668326472,Natco - Milk Powder,published,/uploads/natco_milk-powder-300g.png,baking_essences,2
trs-kewra-water,TRS - Kewra Water,published,/images/products/trs-kewra-water.jpg,baking_essences,1
trs-rose-water,TRS - Rose Water,published,/images/products/trs-rose-water.jpg,baking_essences,1
4567661871176,Natco - Basmati Rice Kernel,published,/uploads/natco_basmati-rice-kernel-5kg.jpg,basmati_rice,1
4567662002248,Natco - Basmati Rice India,published,/uploads/natco_basmati-rice-india-2kg.jpg,basmati_rice,1
4567662067784,Natco - Basmati Rice India - Bag,published,/uploads/natco_basmati-rice-india-bag-5kg.jpg,basmati_rice,1
4641506558024,Natco - Mamra Basmati,published,/uploads/natco_mamra-basmati-200g.jpg,basmati_rice,2
daawat-rozana-basmati,Daawat Rozana Basmati,published,/uploads/daawat-rozana-basmati.jpg,basmati_rice,1
falak-super-basmati,Falak Super Basmati,published,/uploads/falak-super-basmati.jpg,basmati_rice,1
kohinoor-extra-long-basmati,Kohinoor Extra Long Basmati,published,/uploads/kohinoor-extra-long-basmati.jpg,basmati_rice,2
lal-qilla-premium-basmati,Lal Qilla Premium Basmati,published,/uploads/lal-qilla-premium-basmati.jpg,basmati_rice,2
tilda-pure-basmati,Tilda Pure Basmati,published,/images/products/tilda-pure-basmati.jpg,basmati_rice,3
4567665573960,Natco - Soya Beans,published,/uploads/natco_soya-beans-2kg.jpg,beans_peas_pulses,2
4567667081288,Natco - Mung Beans,published,/uploads/natco_mung-beans-1kg.jpg,beans_peas_pulses,2
4567667474504,Natco - Butter Beans,published,/uploads/natco_butter-beans-2kg.png,beans_peas_pulses,2
4567667572808,Natco - Black Eye Beans,published,/uploads/natco_black-eye-beans-2kg.jpg,beans_peas_pulses,2
4567667638344,Natco - Alubia Beans,published,/uploads/natco_alubia-beans-2kg.jpg,beans_peas_pulses,2
4567670030408,Natco - Toovar,published,/uploads/natco_toovar-400g.jpg,beans_peas_pulses,1
4567671504968,Natco - Rose Coco (Borlotti) Beans,published,/uploads/natco_rose-coco-borlotti-beans-400g.jpg,beans_peas_pulses,3
4567672193096,Natco - Kala Chana Boiled,published,/uploads/natco_kala-chana-boiled-400g.jpg,beans_peas_pulses,1
4583223066696,Natco - Chick Peas,published,/uploads/natco_chick-peas-2kg.jpg,beans_peas_pulses,2
4583223165000,Natco - Chick Peas Full Case 12x400g,published,/uploads/natco_chick-peas-full-case-12x400g.jpg,beans_peas_pulses,1
4583223361608,Natco - Red Kidney Beans Boiled Full Case 12x400g,published,/uploads/natco_red-kidney-beans-boiled-full-case-12x400g.jpg,beans_peas_pulses,1
4583223394376,Natco - Red Kidney Beans,published,/uploads/natco_red-kidney-beans-1kg.jpg,beans_peas_pulses,3
4583223754824,Natco - Chick Peas Full Case 4x1kg,published,/uploads/natco_chick-peas-full-case-4x1kg.jpg,beans_peas_pulses,1
6579342409800,Natco - White Kidney Beans,published,/uploads/natco_white-kidney-beans-400g.jpg,beans_peas_pulses,1
6647387652168,Natco - Black Eyed Beans,published,/uploads/natco_black-eyed-beans-400g.jpg,beans_peas_pulses,1
brown-chick-peas,Natco - Brown Chick Peas,published,/uploads/natco_brown-chick-peas.jpg,beans_peas_pulses,2
east-end-kabuli-chana,East End - Kabuli Chana,published,/uploads/east-end_kabuli-chana.jpg,beans_peas_pulses,1
east-end-urad-dal-black-whole,East End - Urad Dal Black Whole,published,/uploads/east-end_urad-black.jpg,beans_peas_pulses,1
moth-beans,Natco - Moth Beans,published,/uploads/natco_moth-beans.png,beans_peas_pulses,2
trs-dark-red-kidney-beans,TRS - Dark Red Kidney Beans,published,/images/products/trs-dark-red-kidney-beans.png,beans_peas_pulses,1
trs-kala-chana,TRS - Kala Chana,published,/images/products/trs-kala-chana.png,beans_peas_pulses,1
trs-moth-beans,TRS Moth Beans,published,/uploads/trs_moth-beans.png,beans_peas_pulses,3
trs-mung-beans,TRS Mung Beans,published,/uploads/trs_mung-beans.png,beans_peas_pulses,5
trs-red-adzuki-beans-red-cow-peas,TRS Red Adzuki Beans (Red Cow Peas),published,/uploads/trs_red-adzuki-beans-red-cow-peas.png,beans_peas_pulses,2
trs-red-kidney-beans,TRS Red Kidney Beans,published,/uploads/trs_red-kidney-beans.png,beans_peas_pulses,5
trs-rosecoco-beans,TRS Rosecoco Beans,published,/uploads/trs_rosecoco-beans.png,beans_peas_pulses,3
trs-urad-dal-black-whole,TRS - Urad Dal Black Whole,published,/images/products/trs-urad-dal-black-whole.png,beans_peas_pulses,1
trs-urid-beans,TRS Urid Beans,published,/uploads/trs_urid-beans.png,beans_peas_pulses,5
trs-yellow-peas,TRS Yellow Peas,published,/uploads/trs_yellow-peas.png,beans_peas_pulses,2
trs-yellow-split-peas,TRS Yellow Split Peas,published,/uploads/trs_yellow-split-peas.png,beans_peas_pulses,2
uridbeans,Natco - Urid Beans,published,/uploads/natco_urid-beans-case.jpg,beans_peas_pulses,2
yellow-split-peas1,Natco - Yellow Split Peas,published,/uploads/natco_yellow-split-peas-case.jpg,beans_peas_pulses,2
britannia-bourbon-cream,Britannia Bourbon Cream,published,/uploads/britannia-bourbon-cream.jpg,biscuits_crackers,1
britannia-good-day-butter-cookies,Britannia Good Day Butter Cookies,published,/images/products/britannia-good-day-butter-cookies.jpg,biscuits_crackers,1
britannia-good-day-cashew-cookies,Britannia Good Day Cashew Cookies,published,/images/products/britannia-good-day-cashew-cookies.jpg,biscuits_crackers,1
britannia-marie-gold,Britannia Marie Gold,published,/images/products/britannia-marie-gold.jpg,biscuits_crackers,1
karachi-bakery-fruit-biscuits,Karachi Bakery - Fruit Biscuits,published,/uploads/karachi_fruit-biscuits.jpg,biscuits_crackers,1
karachi-bakery-osmania-biscuits,Karachi Bakery - Osmania Biscuits,published,/uploads/karachi_osmania-biscuits.jpg,biscuits_crackers,1
parle-bourbon,Parle Bourbon,published,/images/products/parle-bourbon.jpg,biscuits_crackers,1
parle-g-glucose-biscuits,Parle-G Glucose Biscuits,published,/images/products/parle-g-glucose-biscuits.png,biscuits_crackers,2
parle-monaco-salted-crackers,Parle Monaco Salted Crackers,published,/uploads/parle-monaco-salted-crackers.jpg,biscuits_crackers,1
4567672881224,Natco - Bombay Sandwich Spread,published,/uploads/natco_bombay-sandwich-spread-280g.jpg,chutneys_spreads,1
4567673045064,Natco - Mango Chutney Sweet,published,/uploads/natco_mango-chutney-sweet-340g.jpg,chutneys_spreads,1
4567673077832,Natco - Mango Chutney Spicy,published,/uploads/natco_mango-chutney-spicy-340g.jpg,chutneys_spreads,1
4567673208904,Natco - Brinjal Chutney Sweet,published,/uploads/natco_brinjal-chutney-sweet-300g.jpg,chutneys_spreads,1
4567673241672,Natco - Chundo Chutney Sweet,published,/uploads/natco_chundo-chutney-sweet-340g.jpg,chutneys_spreads,1
4567673274440,Natco - Gorkeri Chutney Sweet,published,/uploads/natco_gorkeri-chutney-sweet-300g.jpg,chutneys_spreads,1
pataks-mango-chutney,Patak's Mango Chutney,published,/images/products/pataks-mango-chutney.jpg,chutneys_spreads,1
4567663607880,Natco - Coconut Halves,published,/uploads/natco_coconut-halves-250g.jpg,coconut_products,1
4567663673416,Natco - Coconut Flakes,published,/uploads/natco_coconut-flakes-200g.jpg,coconut_products,1
4567663804488,Natco - Coconut Milk Powder,published,/uploads/natco_coconut-milk-powder-300g.jpg,coconut_products,1
4567663837256,Natco - Coconut Desiccated (Fine),published,/uploads/natco_coconut-desiccated-fine-300g.jpg,coconut_products,1
4567663870024,Natco - Coconut Desicated Medium,published,/uploads/natco_coconut-desicated-medium-1kg.jpg,coconut_products,1
4567667671112,Natco - Coconut Water,published,/uploads/natco_coconut-water-1l.png,coconut_products,2
4567672488008,Natco - Coconut Cream,published,/uploads/natco_coconut-cream-400ml.jpg,coconut_products,1
4567672553544,Natco - Coconut Milk Light,published,/uploads/natco_coconut-milk-light-400ml.jpg,coconut_products,1
4567672619080,Natco - Coconut Milk,published,/uploads/natco_coconut-milk-400ml.jpg,coconut_products,1
4583223853128,Natco - Coconut Flour,published,/uploads/natco_coconut-flour-1kg.jpg,coconut_products,2
trs-coconut-milk,TRS - Coconut Milk,published,/images/products/trs-coconut-milk.jpg,coconut_products,1
trs-fine-desiccated-coconut,TRS Fine Desiccated Coconut,published,/uploads/trs_fine-desiccated-coconut.png,coconut_products,2
15383643226497,Natco - Pure Mustard Oil 1Ltr,published,/uploads/natco_pure-mustard-oil-1ltr.jpg,cooking_oils,1
15383683334529,Natco - Pure Mustard Oil,published,/uploads/natco_pure-mustard-oil-250ml.jpg,cooking_oils,1
4567671832648,Natco - Coconut Oil (Parachute Brand),published,/uploads/natco_coconut-oil-parachute-brand-500ml.jpg,cooking_oils,1
4567671865416,Natco - Olive Oil Extra Virgin,published,/uploads/natco_olive-oil-extra-virgin-500ml.jpg,cooking_oils,1
4583223263304,Natco - Pomace Olive Oil,published,/uploads/natco_pomace-olive-oil-1-litre.jpg,cooking_oils,2
4583223296072,Natco - Pomace Olive Oil Blend 3 Litres,published,/uploads/natco_pomace-olive-oil-blend-3-litres.png,cooking_oils,1
6666589044808,Natco - Pure Sesame Oil,published,/uploads/natco_pure-sesame-oil-1-litre.png,cooking_oils,2
6666589306952,Natco - Groundnut Oil,published,/uploads/natco_groundnut-oil-1-litre.png,cooking_oils,1
6666589536328,Natco - Pure Linseed Oil,published,/uploads/natco_pure-linseed-oil-250ml.png,cooking_oils,1
6666591010888,Natco - Castor Oil,published,/uploads/natco_castor-oil-250ml.png,cooking_oils,1
6666608541768,Natco - Almond Oil,published,/uploads/natco_almond-oil-250ml.png,cooking_oils,2
idhayam-sesame-oil,Idhayam - Sesame / Gingelly Oil,published,/uploads/idhayam_sesame-oil.jpg,cooking_oils,1
parachute-coconut-oil,Parachute - Coconut Oil,published,/images/products/parachute-coconut-oil.jpg,cooking_oils,1
trs-mustard-oil,TRS - Mustard Oil,published,/images/products/trs-mustard-oil.jpg,cooking_oils,1
4567672651848,Natco - Coriander Mint Sauce,published,/uploads/natco_coriander-mint-sauce-340g.jpg,cooking_pastes_sauces,1
4567672717384,Natco - Tamarind &amp; Date Sauce,published,/uploads/natco_tamarind-amp-date-sauce-340g.jpg,cooking_pastes_sauces,1
4567672750152,Natco - Garlic &amp; Chilli Sauce,published,/uploads/natco_garlic-amp-chilli-sauce-340g.jpg,cooking_pastes_sauces,1
4567672815688,Natco - Chilli Sauce Hot,published,/uploads/natco_chilli-sauce-hot-310g.jpg,cooking_pastes_sauces,1
4567672848456,Natco - Tamarind Sauce,published,/uploads/natco_tamarind-sauce-340g.jpg,cooking_pastes_sauces,1
4567672913992,Natco - Garlic &amp; Ginger Paste,published,/uploads/natco_garlic-amp-ginger-paste-190g.jpg,cooking_pastes_sauces,1
4567672946760,Natco - Ginger Paste,published,/uploads/natco_ginger-paste-190g.jpg,cooking_pastes_sauces,1
4567672979528,Natco - Garlic Paste,published,/uploads/natco_garlic-paste-190g.jpg,cooking_pastes_sauces,1
4567673143368,Natco - Thecha Chilli Paste,published,/uploads/natco_thecha-chilli-paste-300g.jpg,cooking_pastes_sauces,1
chings-schezwan-sauce,Ching's Secret - Schezwan Sauce,published,/images/products/chings-schezwan-sauce.jpg,cooking_pastes_sauces,1
east-end-ginger-garlic-paste,East End - Ginger-Garlic Paste,published,/uploads/east-end_ginger-garlic-paste.jpg,cooking_pastes_sauces,1
maggi-hot-sweet-sauce,Maggi Hot & Sweet Sauce,published,/uploads/maggi-hot-and-sweet-sauce.jpg,cooking_pastes_sauces,1
pataks-tikka-masala-paste,Patak's Tikka Masala Paste,published,/images/products/pataks-tikka-masala-paste.jpg,cooking_pastes_sauces,1
tamarind-paste-jar,Natco - Tamarind Paste Jar,published,/uploads/natco_tamarind-paste-jar.jpg,cooking_pastes_sauces,1
trs-garlic-paste,TRS - Garlic Paste,published,/images/products/trs-garlic-paste.jpg,cooking_pastes_sauces,1
trs-ginger-garlic-paste,TRS - Ginger-Garlic Paste,published,/uploads/trs_ginger-garlic-paste.jpg,cooking_pastes_sauces,2
trs-ginger-paste,TRS Ginger Paste,published,/uploads/trs_ginger-paste.png,cooking_pastes_sauces,2
laziza-gajar-halwa-mix,Laziza - Gajar Ka Halwa Mix,published,/uploads/laziza_gajar-halwa.jpg,dessert_mixes,1
laziza-gulab-jamun-mix,Laziza - Gulab Jamun Mix,published,/uploads/laziza_gulab-jamun.jpg,dessert_mixes,1
laziza-kheer-mix,Laziza - Kheer Mix,published,/images/products/laziza-kheer-mix.jpg,dessert_mixes,1
laziza-kulfi-mix,Laziza - Kulfi Mix,published,/uploads/laziza_kulfi.jpg,dessert_mixes,1
laziza-rasmalai-mix,Laziza - Rasmalai Mix,published,/images/products/laziza-rasmalai-mix.jpg,dessert_mixes,1
laziza-zarda-mix,Laziza - Zarda Sweet Rice Mix,published,/uploads/laziza_zarda.jpg,dessert_mixes,1
4567661543496,Natco - Ponni Rice,published,/uploads/natco_ponni-rice-5kg.jpg,everyday_rice,1
4567661772872,Natco - Easycook Parboiled Rice,published,/uploads/natco_easycook-parboiled-rice-5kg.jpg,everyday_rice,1
4567661838408,Natco - Long Grain White Rice,published,/uploads/natco_long-grain-white-rice-5kg.jpg,everyday_rice,1
arbi,Arbi / Taro Root,published,/images/products/arbi.png,fresh_veg,1
bitter-gourd,Bitter Gourd / Karela,published,/images/products/bitter-gourd.png,fresh_veg,1
bottle-gourd,Bottle Gourd / Dudhi,published,/images/products/bottle-gourd.png,fresh_veg,1
cassava,Cassava / Mogo,published,/images/products/cassava.png,fresh_veg,1
coconut,Coconut,published,/images/products/coconut.png,fresh_veg,1
curry-leaves,Curry Leaves,published,/images/products/curry-leaves.png,fresh_veg,1
drumsticks,Drumsticks,published,/images/products/drumsticks.png,fresh_veg,1
garlic,Garlic,published,/images/products/garlic.png,fresh_veg,1
ginger,Ginger,published,/images/products/ginger.png,fresh_veg,1
green-chillies,Green Chillies,published,/images/products/green-chillies.png,fresh_veg,1
green-lime,Green Lime,published,/images/products/green-lime.png,fresh_veg,1
green-plantains,Green Plantains,published,/images/products/green-plantains.png,fresh_veg,1
indian-onion,Indian Onion,published,/images/products/indian-onion.png,fresh_veg,1
mud-potato,Mud Potato,published,/images/products/mud-potato.png,fresh_veg,1
okra,Okra / Bhindi,published,/images/products/okra.png,fresh_veg,1
tindora,Tindora,published,/images/products/tindora.png,fresh_veg,1
vine-tomato,Vine Tomato,published,/images/products/vine-tomato.png,fresh_veg,1
4567669047368,Natco - Gram Flour (Papa brand),published,/uploads/natco_gram-flour-papa-brand-2kg.jpg,gram_flour_besan,1
4567669309512,Natco - Gram Flour Superfine,published,/uploads/natco_gram-flour-superfine-1kg.jpg,gram_flour_besan,3
trs-pure-gram-flour,TRS Pure Gram Flour,published,/uploads/trs_pure-gram-flour.jpg,gram_flour_besan,3
bournvita,Bournvita - Health Drink,published,/uploads/bournvita_health-drink.jpg,health_malted_drinks,1
horlicks-original,Horlicks - Original,published,/uploads/horlicks_original.jpg,health_malted_drinks,1
4567657381960,Natco - Bay Leaves Jar,published,/uploads/natco_bay-leaves-jar-10g.jpg,herbs_leaves,1
4567658168392,Natco - Kasuri Methi Leaves,published,/uploads/natco_kasuri-methi-leaves-100g.jpg,herbs_leaves,1
4567667834952,Natco - Dried Tarragon,published,/uploads/natco_dried-tarragon-25g.jpg,herbs_leaves,1
4567667867720,Natco - Sage Jar,published,/uploads/natco_sage-jar-25g.jpg,herbs_leaves,1
4567667933256,Natco - Parsley Jar,published,/uploads/natco_parsley-jar-25g.jpg,herbs_leaves,1
4567667966024,Natco - Oregano Jar,published,/uploads/natco_oregano-jar-25g.jpg,herbs_leaves,1
4567668064328,Natco - Mixed Herbs Jar,published,/uploads/natco_mixed-herbs-jar-25g.jpg,herbs_leaves,1
4567668097096,Natco - Mint Jar,published,/uploads/natco_mint-jar-30g.jpg,herbs_leaves,1
4567668162632,Natco - Marjoram Jar,published,/uploads/natco_marjoram-jar-20g.jpg,herbs_leaves,1
4567668195400,Natco - Coriander Leaves Jar,published,/uploads/natco_coriander-leaves-jar-25g.jpg,herbs_leaves,1
4567668260936,Natco - Basil Jar,published,/uploads/natco_basil-jar-25g.jpg,herbs_leaves,1
6804638728264,Natco - Rosemary Jar,published,/uploads/natco_rosemary-jar-40g.jpg,herbs_leaves,1
curryleaves,Natco - Curry Leaves,published,/uploads/natco_curryleaves.jpg,herbs_leaves,1
garlic-flakes,Natco - Garlic Flakes,published,/uploads/natco_garlic-flakes.jpg,herbs_leaves,1
methi-leaves-jar,Natco - Methi Leaves Jar,published,/uploads/natco_kasuri-methi-leaves-100g.jpg,herbs_leaves,1
trs-fenugreek-leaves,TRS Fenugreek Leaves,published,/uploads/trs_fenugreek-leaves.png,herbs_leaves,4
mtr-dosa-mix,MTR - Plain Dosa Mix,published,/uploads/mtr_dosa-mix.jpg,instant_breakfast_mixes,1
mtr-idli-mix,MTR - Idli Mix,published,/images/products/mtr-idli-mix.jpg,instant_breakfast_mixes,1
mtr-khaman-dhokla-mix,MTR - Khaman Dhokla Mix,published,/images/products/mtr-khaman-dhokla-mix.jpg,instant_breakfast_mixes,1
mtr-rava-dosa-mix,MTR - Rava Dosa Mix,published,/images/products/mtr-rava-dosa-mix.jpg,instant_breakfast_mixes,1
mtr-rava-idli-mix,MTR - Rava Idli Mix,published,/images/products/mtr-rava-idli-mix.jpg,instant_breakfast_mixes,1
mtr-upma-mix,MTR - Upma Mix,published,/images/products/mtr-upma-mix.jpg,instant_breakfast_mixes,1
mtr-vada-mix,MTR - Vada Mix,published,/images/products/mtr-vada-mix.jpg,instant_breakfast_mixes,1
4567661248584,Natco - Daria Dal,published,/uploads/natco_daria-dal-300g.jpg,lentils_dals,1
4567666524232,Natco - Red Lentils Polished,published,/uploads/natco_red-lentils-polished-2kg.jpg,lentils_dals,2
4567666917448,Natco - Mung Dal Yellow,published,/uploads/natco_mung-dal-yellow-1kg.jpg,lentils_dals,2
4567666982984,Natco - Mung Split,published,/uploads/natco_mung-split-2kg.jpg,lentils_dals,2
4567667212360,Natco - Green Lentils,published,/uploads/natco_green-lentils-1kg.jpg,lentils_dals,2
4567667310664,Natco - Chanadal Polished,published,/uploads/natco_chanadal-polished-1kg.jpg,lentils_dals,2
4567667376200,Natco - Brown Lentils,published,/uploads/natco_brown-lentils-2kg.png,lentils_dals,2
east-end-chana-dal,East End - Chana Dal,published,/uploads/east-end_chana-dal.jpg,lentils_dals,1
east-end-moong-dal,East End - Moong Dal Washed,published,/uploads/east-end_moong-dal.jpg,lentils_dals,1
east-end-red-split-lentils,East End - Red Split Lentils,published,/uploads/east-end_red-lentils.jpg,lentils_dals,1
east-end-toor-dal-oily,East End - Toor Dal Oily,published,/uploads/east-end_toor-dal.jpg,lentils_dals,1
toor-dal-oily1,Natco - Toor Dal Oily,published,/uploads/natco_toor-dal-oily.jpg,lentils_dals,2
toor-dal-plain,Natco - Toor Dal Plain,published,/uploads/natco_toor-dal-plain.jpg,lentils_dals,2
trs-green-lentils,TRS Green Lentils,published,/uploads/trs_green-lentils.png,lentils_dals,3
trs-mixed-panchratna-dal,TRS - Mixed Panchratna Dal,published,/uploads/trs_panchratna-dal.jpg,lentils_dals,1
trs-moong-whole-green,TRS - Moong Whole Green,published,/images/products/trs-moong-whole-green.png,lentils_dals,1
trs-mung-dal,TRS Mung Dal,published,/uploads/trs_mung-dal.png,lentils_dals,5
trs-mung-dal-chilka-split-green-peas,TRS Mung Dal Chilka (Split Green Peas),published,/uploads/trs_mung-dal-chilka-split-green-peas.png,lentils_dals,3
trs-red-split-lentils,TRS Red Split Lentils,published,/uploads/trs_red-split-lentils.png,lentils_dals,4
trs-toor-dal,TRS Toor Dal,published,/uploads/trs_toor-dal.png,lentils_dals,4
trs-toor-dal-dry,TRS - Toor Dal Dry,published,/uploads/trs_toor-dal.jpg,lentils_dals,1
trs-toor-dal-oily,TRS - Toor Dal Oily,published,/uploads/trs_toor-dal.jpg,lentils_dals,2
trs-urid-dal,TRS Urid Dal,published,/uploads/trs_urid-dal.png,lentils_dals,4
trs-urid-dal-chilka,TRS Urid Dal Chilka,published,/uploads/trs_urid-dal-chilka.png,lentils_dals,3
trs-urid-whole-gota,TRS Urid Whole Gota,published,/uploads/trs_urid-whole-gota.png,lentils_dals,4
urid-dal-white,Natco - Urid Dal White,published,/uploads/natco_urid-dal-white.jpg,lentils_dals,2
uridsplit1,Natco - Urid Split,published,/uploads/natco_uridsplit.jpg,lentils_dals,2
4567656169544,Natco - Tandoori Masala Jar,published,/uploads/natco_tandoori-masala-jar-100g.jpg,masalas_spice_blends,1
4567656759368,Natco - Garam Masala Jar,published,/uploads/natco_garam-masala-jar-80g.jpg,masalas_spice_blends,1
4567657644104,Natco - Tandoori Masala,published,/uploads/natco_tandoori-masala-400g.jpg,masalas_spice_blends,1
4567658135624,Natco - Mixed Masala Whole,published,/uploads/natco_mixed-masala-whole-300g.jpg,masalas_spice_blends,1
4567658627144,Natco - Garam Masala,published,/uploads/natco_garam-masala-400g.jpg,masalas_spice_blends,1
4567665147976,Natco - Pavbhaji Masala Mangal,published,/uploads/natco_pavbhaji-masala-mangal-100g.jpg,masalas_spice_blends,1
4567665180744,Natco - Biryani Masala Mangal,published,/uploads/natco_biryani-masala-mangal-50g.jpg,masalas_spice_blends,1
4567665213512,Natco - Chicken Masala Mangal,published,/uploads/natco_chicken-masala-mangal-100g.jpg,masalas_spice_blends,1
4567665279048,Natco - Sambhar Masala Mangal,published,/uploads/natco_sambhar-masala-mangal-100g.jpg,masalas_spice_blends,1
4567665344584,Natco - Pickle Masala Mangal,published,/uploads/natco_pickle-masala-mangal-125g.png,masalas_spice_blends,1
4567665377352,Natco - Meat Masala Mangal,published,/uploads/natco_meat-masala-mangal-100g.jpg,masalas_spice_blends,1
4567665442888,Natco - Chat Masala Mangal,published,/uploads/natco_chat-masala-mangal-100g.jpg,masalas_spice_blends,1
4567665475656,Natco - Chana Masala Mangal,published,/uploads/natco_chana-masala-mangal-100g.png,masalas_spice_blends,1
4583224016968,Natco - All Purpose Seasoning,published,/uploads/natco_all-purpose-seasoning-100g.png,masalas_spice_blends,2
chinese-5-spice,Natco - Chinese 5 Spice,published,/uploads/natco_chinese-5-spice.png,masalas_spice_blends,1
curry-powder,Natco - Curry Powder,published,/uploads/natco_curry-powder-hot.png,masalas_spice_blends,1
curry-powder-hot,Natco - Curry Powder Hot,published,/uploads/natco_curry-powder-hot.png,masalas_spice_blends,2
curry-powder-medium-jar,Natco - Curry Powder Medium Jar,published,/uploads/natco_curry-powder-medium-jar.jpg,masalas_spice_blends,1
everest-garam-masala,Everest - Garam Masala,published,/images/products/everest-garam-masala.jpg,masalas_spice_blends,1
everest-pav-bhaji-masala,Everest - Pav Bhaji Masala,published,/images/products/everest-pav-bhaji-masala.jpg,masalas_spice_blends,1
everest-sambhar-masala,Everest - Sambhar Masala,published,/images/products/everest-sambhar-masala.jpg,masalas_spice_blends,1
everest-tea-masala,Everest - Tea Masala,published,/images/products/everest-tea-masala.jpg,masalas_spice_blends,1
mdh-sambar-masala,MDH - Sambar Masala,published,/images/products/mdh-sambar-masala.jpg,masalas_spice_blends,1
panchpuran-whole-spice,Natco - Panchpuran (5 Whole Spice),published,/uploads/natco_panchpuran-whole-spice.jpg,masalas_spice_blends,1
shan-achar-gosht-masala,Shan - Achar Gosht Masala,published,/images/products/shan-achar-gosht-masala.png,masalas_spice_blends,1
shan-bombay-biryani-mix,Shan Bombay Biryani Mix,published,/images/products/shan-bombay-biryani-mix.png,masalas_spice_blends,1
shan-haleem-mix,Shan Haleem Mix,published,/images/products/shan-haleem-mix.png,masalas_spice_blends,1
shan-pilau-rice-mix,Shan - Pilau Rice Mix,published,/images/products/shan-pilau-rice-mix.png,masalas_spice_blends,1
shan-sindhi-biryani-mix,Shan Sindhi Biryani Mix,published,/images/products/shan-sindhi-biryani-mix.png,masalas_spice_blends,1
shan-special-beef-biryani-mix,Shan Special Beef Biryani Mix,published,/images/products/shan-special-beef-biryani-mix.jpg,masalas_spice_blends,1
shan-special-chicken-biryani-mix,Shan Special Chicken Biryani Mix,published,/images/products/shan-special-chicken-biryani-mix.jpg,masalas_spice_blends,1
shan-special-mutton-biryani-mix,Shan Special Mutton Biryani Mix,published,/images/products/shan-special-mutton-biryani-mix.jpg,masalas_spice_blends,1
trs-garam-masala,TRS Garam Masala,published,/uploads/trs_garam-masala.png,masalas_spice_blends,6
trs-hot-madras-curry,TRS Hot Madras Curry,published,/uploads/trs_hot-madras-curry.png,masalas_spice_blends,2
trs-mild-madras-curry-powder,TRS Mild Madras Curry Powder,published,/uploads/trs_mild-madras-curry-powder.png,masalas_spice_blends,5
4567661314120,Natco - Daria Gotta (Large),published,/uploads/natco_daria-gotta-large-700g.jpg,nuts_seeds,1
4567661379656,Natco - Daria Gotta (Small),published,/uploads/natco_daria-gotta-small-300g.png,nuts_seeds,1
4567661412424,Natco - Gram Roasted Salted,published,/uploads/natco_gram-roasted-salted-300g.jpg,nuts_seeds,1
4567661445192,Natco - Gram Roasted Unsalted,published,/uploads/natco_gram-roasted-unsalted-300g.jpg,nuts_seeds,1
4567662919752,Natco - Luxury Fruit &amp; Nuts Mix,published,/uploads/natco_luxury-fruit-amp-nuts-mix-750g.png,nuts_seeds,1
4567662952520,Natco - Luxury Fruit &amp; Nut Mix,published,/uploads/natco_luxury-fruit-amp-nut-mix-250g.png,nuts_seeds,1
4567663214664,Natco - Pistachio Kernels,published,/uploads/natco_pistachio-kernels-1kg.jpg,nuts_seeds,3
4567663378504,Natco - Roasted &amp; Salted Pistachio Nuts,published,/uploads/natco_roasted-amp-salted-pistachio-nuts-1kg.jpg,nuts_seeds,3
4567663411272,Natco - Roasted Monkey Nuts,published,/uploads/natco_roasted-monkey-nuts-300g.jpg,nuts_seeds,1
4567663575112,Natco - Peanuts Red,published,/uploads/natco_peanuts-red-1kg.jpg,nuts_seeds,2
4567664558152,Natco - Cashew Roasted Salted,published,/uploads/natco_cashew-roasted-salted-250g.jpg,nuts_seeds,1
4567664590920,Natco - Cashew (Large White Pieces),published,/uploads/natco_cashew-large-white-pieces-750g.jpg,nuts_seeds,1
4567664656456,Natco - Cashew Split,published,/uploads/natco_cashew-split-1kg.jpg,nuts_seeds,1
4567664689224,Natco - Cashew Kernel,published,/uploads/natco_cashew-kernel-1kg.jpg,nuts_seeds,2
4567664787528,Natco - Walnut Halves,published,/uploads/natco_walnut-halves-200g.jpg,nuts_seeds,2
4567664820296,Natco - Pecans,published,/uploads/natco_pecans-200g.jpg,nuts_seeds,1
4567664885832,Natco - Almond Blanched Whole,published,/uploads/natco_almond-blanched-whole-250g.jpg,nuts_seeds,1
4567664918600,Natco - Blanched Almond Whole,published,/uploads/natco_blanched-almond-whole-700g.jpg,nuts_seeds,1
4567664984136,Natco - Almond Flakes,published,/uploads/natco_almond-flakes-1kg.jpg,nuts_seeds,2
4567665016904,Natco - Almonds Ground,published,/uploads/natco_almonds-ground-300g.png,nuts_seeds,1
4567665115208,Natco - Almonds,published,/uploads/natco_almonds-1kg.jpg,nuts_seeds,2
4567669932104,Natco - Golden Raisins,published,/uploads/natco_golden-raisins-1kg.jpg,nuts_seeds,2
4641502855240,Natco - Pine Nuts,published,/uploads/natco_pine-nuts-75g.png,nuts_seeds,1
5864191590472,Natco - Big D Salted Peanuts 24x50g,published,/uploads/natco_big-d-salted-peanuts-24x50g.png,nuts_seeds,1
5864194801736,Natco - Big D Honey Roast Peanuts 12x50g Packs on a Pub Card,published,/uploads/natco_big-d-honey-roast-peanuts-12x50g-packs-on-a-pub-card.jpg,nuts_seeds,1
6562924986440,Natco - Big D Salted Cashews 12x30g Cards,published,/uploads/natco_big-d-salted-cashews-12x30g-cards.png,nuts_seeds,1
trs-roasted-chana-daria,TRS - Roasted Chana Daria,published,/uploads/trs_roasted-chana.jpg,nuts_seeds,1
trs-roasted-peanuts,TRS - Roasted Peanuts,published,/uploads/trs_roasted-peanuts.jpg,nuts_seeds,1
4567660396616,Natco - Soya Mince,published,/uploads/natco_soya-mince-300g.jpg,pantry_tamarind_canned,1
4567660527688,Natco - Soya Chunks,published,/uploads/natco_soya-chunks-350g.jpg,pantry_tamarind_canned,2
4567661281352,Natco - Phool Makhana (Popped Lotus Seeds),published,/uploads/natco_phool-makhana-popped-lotus-seeds-100g.jpg,pantry_tamarind_canned,1
4567670095944,Natco - Suran (Yam),published,/uploads/natco_suran-yam-400g.jpg,pantry_tamarind_canned,1
4567670161480,Natco - Punjabi Tinda Full Case 12x400g,published,/uploads/natco_punjabi-tinda-full-case-12x400g.jpg,pantry_tamarind_canned,1
4567670423624,Natco - Okra Full Case 12x400g,published,/uploads/natco_okra-full-case-12x400g.png,pantry_tamarind_canned,1
4567670521928,Natco - Lotus Root,published,/uploads/natco_lotus-root-400g.jpg,pantry_tamarind_canned,1
4567670620232,Natco - Karela,published,/uploads/natco_karela-400g.jpg,pantry_tamarind_canned,1
4567670816840,Natco - Sarson Ka Saag,published,/uploads/natco_sarson-ka-saag-450g.jpg,pantry_tamarind_canned,1
4567670915144,Natco - Patra,published,/uploads/natco_patra-400g.jpg,pantry_tamarind_canned,1
4567670980680,Natco - Tomatoes Chopped Full Case 12x400g,published,/uploads/natco_tomatoes-chopped-full-case-12x400g.jpg,pantry_tamarind_canned,1
4567671144520,Natco - Tomatoes Peeled,published,/uploads/natco_tomatoes-peeled-400g.jpg,pantry_tamarind_canned,1
4567671210056,Natco - Tomato Paste,published,/uploads/natco_tomato-paste-800g.jpg,pantry_tamarind_canned,1
4567671406664,Natco - Spinach Leaf,published,/uploads/natco_spinach-leaf-396g.jpg,pantry_tamarind_canned,1
4567671930952,Natco - Mango Pulp Kesar,published,/uploads/natco_mango-pulp-kesar-850g.jpg,pantry_tamarind_canned,1
4567671963720,Natco - Mango Slices Alphonso,published,/uploads/natco_mango-slices-alphonso-425g.jpg,pantry_tamarind_canned,1
4567671996488,Natco - Mango Pulp Alphonso,published,/uploads/natco_mango-pulp-alphonso-450g.jpg,pantry_tamarind_canned,1
6617796804680,Natco - Spinach Puree,published,/uploads/natco_spinach-puree-395g.jpg,pantry_tamarind_canned,2
tamarindslab,Natco - Tamarind Slab,published,/uploads/natco_tamarindslab.png,pantry_tamarind_canned,1
tamarindwet,Natco - Tamarind Wet,published,/uploads/natco_tamarind-amp-date-sauce-340g.jpg,pantry_tamarind_canned,1
trs-puffed-lotus-seeds-makhana,TRS Puffed Lotus Seeds Makhana,published,/uploads/trs-puffed-lotus-seeds-makhana.jpg,pantry_tamarind_canned,1
trs-sarson-ka-saag-spiced-mustard-greens-curry,TRS Sarson Ka Saag (Spiced Mustard Greens Curry),published,/uploads/trs_sarson-ka-saag-spiced-mustard-greens-curry.png,pantry_tamarind_canned,2
trs-tamarind-block,TRS - Tamarind Block,published,/images/products/trs-tamarind-block.jpg,pantry_tamarind_canned,1
4567673012296,Natco - Garlic Pickle,published,/uploads/natco_garlic-pickle-300g.jpg,pickles,1
4567673405512,Natco - Lime Pickle Hot,published,/uploads/natco_lime-pickle-hot-300g.jpg,pickles,1
4567673438280,Natco - Mixed Pickle,published,/uploads/natco_mixed-pickle-300g.jpg,pickles,1
4567673602120,Natco - Chilli Pickle Hot,published,/uploads/natco_chilli-pickle-hot-300g.jpg,pickles,1
4567673667656,Natco - Mango Pickle Hot,published,/uploads/natco_mango-pickle-hot-300g.jpg,pickles,1
aachi-kadugu-manga,Aachi - Kadugu Manga,published,/uploads/aachi_kadugu-manga.jpg,pickles,1
aachi-lemon-pickle,Aachi - Lemon Pickle,published,/uploads/aachi_lemon-pickle.jpg,pickles,1
aachi-mango-pickle,Aachi - Mango Pickle,published,/uploads/aachi_mango-pickle.jpg,pickles,1
national-mango-pickle,National Foods - Mango Pickle,published,/uploads/national_mango-pickle.jpg,pickles,1
national-mixed-pickle,National Foods - Mixed Pickle,published,/uploads/national_mixed-pickle.jpg,pickles,1
pataks-lime-pickle,Patak's Lime Pickle,published,/images/products/pataks-lime-pickle.jpg,pickles,1
pataks-mixed-pickle,Patak's Mixed Pickle,published,/images/products/pataks-mixed-pickle.jpg,pickles,1
priya-avakaya-mango-pickle,Priya - Avakaya Mango Pickle,published,/images/products/priya-avakaya-mango-pickle.png,pickles,1
priya-garlic-pickle,Priya - Garlic Pickle,published,/images/products/priya-garlic-pickle.jpg,pickles,1
priya-gongura-mutton-pickle,Priya - Gongura Mutton Pickle,published,/uploads/priya_gongura-mutton.jpg,pickles,1
priya-gongura-pickle,Priya - Gongura Pickle,published,/images/products/priya-gongura-pickle.jpg,pickles,1
priya-lemon-pickle,Priya - Lemon Pickle,published,/uploads/priya_lemon-pickle.jpg,pickles,1
priya-tomato-pickle,Priya - Tomato Pickle,published,/images/products/priya-tomato-pickle.jpg,pickles,1
4567656988744,Natco - Coriander Ground Jar,published,/uploads/natco_coriander-ground-jar-70g.jpg,powdered_spices,1
4567657087048,Natco - Cinnamon Ground Jar,published,/uploads/natco_cinnamon-ground-jar-100g.jpg,powdered_spices,1
4567657185352,Natco - Chilli Powder Hot Jar,published,/uploads/natco_chilli-powder-hot-jar-100g.jpg,powdered_spices,1
4567657250888,Natco - Chilli Crushed Jar,published,/uploads/natco_chilli-crushed-jar-80g.jpg,powdered_spices,1
4567657447496,Natco - Asafoetida (Hing) Jar,published,/uploads/natco_asafoetida-hing-jar-100g.jpg,powdered_spices,1
4567657545800,Natco - Amchoor Powder Jar,published,/uploads/natco_amchoor-powder-jar-100g.jpg,powdered_spices,1
4567665508424,Natco - Anardana Powder Mangal,published,/uploads/natco_anardana-powder-mangal-100g.jpg,powdered_spices,1
amchoor-powder,Natco - Amchoor Powder,published,/uploads/natco_amchoor-powder-jar-100g.jpg,powdered_spices,1
black-pepper-ground,Natco - Black Pepper Ground,published,/uploads/natco_pappadoms-black-pepper-200g.jpg,powdered_spices,1
black-pepper-ground-jar,Natco - Black Pepper Ground Jar,published,/uploads/natco_pappadoms-black-pepper-200g.jpg,powdered_spices,1
cardamom-green-ground,Natco - Cardamom Green Ground,published,/uploads/natco_cardamom-green-jar-50g.jpg,powdered_spices,1
chilli-powder,Natco - Chilli Powder,published,/uploads/natco_chilli-powder-hot-jar-100g.jpg,powdered_spices,2
chilli-powder-extra-hot,Natco - Chilli Powder Extra Hot,published,/uploads/natco_chilli-powder-hot-jar-100g.jpg,powdered_spices,1
chilli-powder-kashmiri1,Natco - Chilli Powder Kashmiri,published,/uploads/natco_chilli-powder-hot-jar-100g.jpg,powdered_spices,2
cloves-ground,Natco - Cloves Ground,published,/uploads/natco_cloves-ground.jpg,powdered_spices,1
coriander-ground,Natco - Coriander Ground,published,/uploads/natco_coriander-ground-jar-70g.jpg,powdered_spices,1
crushed-chilli,Natco - Chilli Crushed,published,/uploads/natco_chilli-crushed-jar-80g.jpg,powdered_spices,1
cumin-ground1,Natco - Cumin Ground,published,/uploads/natco_cumin-ground-jars.jpg,powdered_spices,2
cumin-ground-jars,Natco - Cumin Ground Jar,published,/uploads/natco_cumin-ground-jars.jpg,powdered_spices,1
east-end-coriander-powder,East End - Coriander Powder,published,/uploads/east-end_coriander-powder.jpg,powdered_spices,1
east-end-kashmiri-chilli,East End - Kashmiri Chilli Powder,published,/uploads/east-end_kashmiri-chilli.jpg,powdered_spices,1
garlic-powder,Natco - Garlic Powder,published,/uploads/natco_garlic-powder-jar.jpg,powdered_spices,1
garlic-powder-jar,Natco - Garlic Powder Jar,published,/uploads/natco_garlic-powder-jar.jpg,powdered_spices,1
ginger-powder,Natco - Ginger Powder,published,/uploads/natco_ginger-powder.jpg,powdered_spices,1
ground-ginger-jar,Natco - Ground Ginger Jar,published,/uploads/natco_ground-ginger-jar.jpg,powdered_spices,1
kalanamak,Natco - Kala Namak,published,/uploads/natco_kalanamak.jpg,powdered_spices,2
lg-asafoetida-hing,LG - Asafoetida Hing,published,/images/products/lg-asafoetida-hing.jpg,powdered_spices,1
mace-ground,Natco - Mace Ground,published,/uploads/natco_mace-ground.jpg,powdered_spices,1
nutmeg-ground,Natco - Nutmeg Ground,published,/uploads/natco_nutmeg-ground-jar.jpg,powdered_spices,1
nutmeg-ground-jar,Natco - Nutmeg Ground Jar,published,/uploads/natco_nutmeg-ground-jar.jpg,powdered_spices,1
paprika-powder,Natco - Paprika Powder,published,/uploads/natco_paprika-powder-jar.jpg,powdered_spices,1
paprika-powder-jar,Natco - Paprika Powder Jar,published,/uploads/natco_paprika-powder-jar.jpg,powdered_spices,1
trs-chilli-powder-hot,TRS - Chilli Powder Hot,published,/images/products/trs-chilli-powder-hot.jpg,powdered_spices,1
trs-coarse-black-pepper,TRS Coarse Black Pepper,published,/uploads/trs_coarse-black-pepper.png,powdered_spices,3
trs-coriander-powder-dhania,TRS Coriander Powder (Dhania),published,/uploads/trs_coriander-powder-dhania.png,powdered_spices,5
trs-crushed-chilli,TRS Crushed Chilli,published,/uploads/trs_crushed-chilli.png,powdered_spices,4
trs-cumin-powder,TRS Cumin Powder,published,/uploads/trs_cumin-powder.png,powdered_spices,4
trs-garlic-powder,TRS Garlic Powder,published,/uploads/trs_garlic-powder.png,powdered_spices,3
trs-ginger-powder,TRS Ginger Powder,published,/uploads/trs_ginger-powder.png,powdered_spices,3
trs-kashmiri-chilli-powder,TRS - Kashmiri Chilli Powder,published,/images/products/trs-kashmiri-chilli-powder.jpg,powdered_spices,1
trs-paprika-powder,TRS Paprika Powder,published,/uploads/trs_paprika-powder.png,powdered_spices,4
trs-roasted-cumin-powder,TRS - Roasted Cumin Powder,published,/uploads/trs_roasted-cumin.jpg,powdered_spices,1
trs-tumeric-powder,TRS Tumeric Powder,published,/uploads/trs_tumeric-powder.png,powdered_spices,4
turmeric-powder,Natco - Turmeric Powder,published,/uploads/natco_turmeric-powder-jar.jpg,powdered_spices,1
turmeric-powder-jar,Natco - Turmeric Powder Jar,published,/uploads/natco_turmeric-powder-jar.jpg,powdered_spices,1
white-pepper-ground,Natco - White Pepper Ground,published,/uploads/natco_white-pepper-ground-jar.jpg,powdered_spices,1
white-pepper-ground-jar,Natco - White Pepper Ground Jar,published,/uploads/natco_white-pepper-ground-jar.jpg,powdered_spices,1
4567672029256,Natco - Ghee Pure Butter,published,/uploads/natco_ghee-pure-butter-1kg.jpg,pure_ghee,1
4567672127560,Natco - Ghee Pure (Plough brand),published,/uploads/natco_ghee-pure-plough-brand-500g.jpg,pure_ghee,1
amul-pure-ghee,Amul - Pure Ghee,published,/uploads/amul_pure-ghee.jpg,pure_ghee,1
trs-pure-ghee,TRS - Pure Ghee,published,/uploads/trs_pure-ghee.jpg,pure_ghee,2
ashoka-bombay-potato,Ashoka - Bombay Potato,published,/uploads/ashoka_bombay-potato.jpg,rte_meals,1
ashoka-butter-chicken,Ashoka - Butter Chicken,published,/uploads/ashoka_butter-chicken.jpg,rte_meals,1
ashoka-chana-masala,Ashoka - Chana Masala,published,/images/products/ashoka-chana-masala.png,rte_meals,1
ashoka-dal-makhani,Ashoka - Dal Makhani,published,/images/products/ashoka-dal-makhani.jpg,rte_meals,1
ashoka-mutter-paneer,Ashoka - Mutter Paneer,published,/images/products/ashoka-mutter-paneer.png,rte_meals,1
ashoka-palak-paneer,Ashoka - Palak Paneer,published,/images/products/ashoka-palak-paneer.jpg,rte_meals,1
ashoka-rajma-masala,Ashoka - Rajma Masala,published,/images/products/ashoka-rajma-masala.jpg,rte_meals,1
ashoka-tarka-dhal,Ashoka - Tarka Dhal,published,/uploads/ashoka_tarka-dhal.jpg,rte_meals,1
4567661051976,Natco - Popcorn,published,/uploads/natco_popcorn-2kg.jpg,savouries_papadoms,2
4567661084744,Natco - Crispy Fried Onions,published,/uploads/natco_crispy-fried-onions-150g.png,savouries_papadoms,2
4567662166088,Natco - Pappadoms Madras (Papa Brand),published,/uploads/natco_pappadoms-madras-papa-brand-250g.jpg,savouries_papadoms,1
4567662362696,Natco - Pappadoms Madras (Coin size),published,/uploads/natco_pappadoms-madras-coin-size-200g.jpg,savouries_papadoms,1
4567662461000,Natco - Pappadoms Punjabi (Microwavable),published,/uploads/natco_pappadoms-punjabi-microwavable-200g.jpg,savouries_papadoms,1
4567662493768,Natco - Pappadoms Plain (Microwavable),published,/uploads/natco_pappadoms-plain-microwavable-200g.jpg,savouries_papadoms,1
4567662526536,Natco - Pappadoms Jeera (Microwavable),published,/uploads/natco_pappadoms-jeera-microwavable-200g.jpg,savouries_papadoms,1
4567662559304,Natco - Pappadoms Black Pepper,published,/uploads/natco_pappadoms-black-pepper-200g.jpg,savouries_papadoms,1
6535757660232,Natco - Bhel Puri Kit,published,/uploads/natco_bhel-puri-kit-500g.jpg,savouries_papadoms,1
bikaji-khatta-meetha,Bikaji - Khatta Meetha,published,/images/products/bikaji-khatta-meetha.png,savouries_papadoms,1
haldirams-aloo-bhujia,Haldiram's Aloo Bhujia,published,/uploads/haldirams-aloo-bhujia.jpg,savouries_papadoms,2
haldirams-mathri,Haldiram's - Mathri,published,/images/products/haldirams-mathri.png,savouries_papadoms,1
haldirams-moong-dal,Haldiram's Moong Dal,published,/images/products/haldirams-moong-dal.jpg,savouries_papadoms,1
lijjat-moong-dal-papad,Lijjat Moong Dal Papad,published,/uploads/lijjat-moong-dal-papad.jpg,savouries_papadoms,1
lijjat-urad-papad-extra-thin,Lijjat Urad Papad Extra Thin,published,/uploads/lijjat-urad-papad-extra-thin.jpg,savouries_papadoms,1
lijjat-urad-special-papad,Lijjat Urad Special Papad,published,/uploads/lijjat-urad-special-papad.jpg,savouries_papadoms,1
maggi-2-minute-noodles-masala-4-pack,Maggi 2-Minute Noodles Masala,published,/images/products/maggi-2-minute-noodles-masala-4-pack.jpg,savouries_papadoms,1
maggi-2-minute-noodles-masala-8-pack,Maggi 2-Minute Noodles Masala 8-Pack,published,/uploads/maggi-2-minute-noodles-masala.jpg,savouries_papadoms,1
trs-popcorn,TRS Popcorn,published,/uploads/trs_popcorn.png,savouries_papadoms,2
4567668621384,Natco - Semolina Extra Coarse,published,/uploads/natco_semolina-extra-coarse-15kg.jpg,semolina_rava,1
4567668719688,Natco - Semolina Coarse,published,/uploads/natco_semolina-coarse-15kg.jpg,semolina_rava,2
4567668817992,Natco - Semolina Fine,published,/uploads/natco_semolina-fine-15kg.jpg,semolina_rava,2
east-end-sooji-fine,East End - Sooji Fine,published,/uploads/east-end_sooji-fine.jpg,semolina_rava,1
trs-coarse-semolina,TRS Coarse Semolina,published,/uploads/trs_coarse-semolina.png,semolina_rava,3
trs-fine-semolina,TRS Fine Semolina,published,/uploads/trs_fine-semolina.png,semolina_rava,3
bovonto-grape-300ml-6pack,Bovonto - Grape Soda 6-Pack,published,/uploads/bovonto_grape-soda.jpg,soft_drinks_juices,1
frooti-mango,Frooti - Mango Drink,published,/uploads/frooti_mango.jpg,soft_drinks_juices,1
hamdard-rooh-afza,Hamdard Rooh Afza,published,/uploads/hamdard-rooh-afza.jpg,soft_drinks_juices,3
maaza-mango-drink,Maaza Mango Drink,published,/uploads/maaza-mango-drink.jpg,soft_drinks_juices,1
rasna-mango-concentrate,Rasna - Mango Concentrate,published,/uploads/rasna_mango-concentrate.jpg,soft_drinks_juices,1
4567661674568,Natco - Sona Masuri Rice,published,/uploads/natco_sona-masuri-rice-5kg.jpg,sona_masuri_rice,1
4567659905096,Natco - Vermice T&apos;Dini-Fedelini,published,/uploads/natco_vermice-taposdini-fedelini-500g.jpg,speciality_flours_grains,1
4567668523080,Natco - Ragi Flour,published,/uploads/natco_ragi-flour-900g.jpg,speciality_flours_grains,1
4567668555848,Natco - Millet (Bajri) Flour,published,/uploads/natco_millet-bajri-flour-900g.jpg,speciality_flours_grains,1
4567668588616,Natco - Couscous,published,/uploads/natco_couscous-500g.jpg,speciality_flours_grains,1
4567668850760,Natco - Rice Flour,published,/uploads/natco_rice-flour-500g.jpg,speciality_flours_grains,1
4567668981832,Natco - Ground Rice,published,/uploads/natco_ground-rice-15kg.jpg,speciality_flours_grains,2
4567669342280,Natco - White Maize Meal,published,/uploads/natco_white-maize-meal-15kg.jpg,speciality_flours_grains,1
4567669506120,Natco - Cornmeal Medium,published,/uploads/natco_cornmeal-medium-15kg.jpg,speciality_flours_grains,2
4567669604424,Natco - Cornmeal Fine,published,/uploads/natco_cornmeal-fine-15kg.jpg,speciality_flours_grains,2
trs-coarse-cornmeal,TRS Coarse Cornmeal,published,/uploads/trs_coarse-cornmeal.png,speciality_flours_grains,3
trs-ground-rice,TRS Ground Rice,published,/uploads/trs_ground-rice.png,speciality_flours_grains,3
trs-tapioca-pearls,TRS Tapioca Pearls,published,/uploads/trs_tapioca-pearls.png,speciality_flours_grains,2
trs-white-maize-meal,TRS White Maize Meal,published,/uploads/trs_white-maize-meal.png,speciality_flours_grains,3
4567660757064,Natco - Powa Medium (Flaked Rice),published,/uploads/natco_powa-medium-flaked-rice-1kg.png,speciality_rice_poha,1
4567661477960,Natco - Idli Rice,published,/uploads/natco_idli-rice-5kg.jpg,speciality_rice_poha,1
4567660298312,Natco - Sugar Candy,published,/uploads/natco_sugar-candy-375g.jpg,sweeteners,1
4567661183048,Natco - Jaggery,published,/uploads/natco_jaggery-500g.jpg,sweeteners,1
6804650754120,Natco - Demerara Sugar,published,/uploads/natco_demerara-sugar-15kg.jpg,sweeteners,2
4567660167240,Natco - Peanut Gachak (Peanut Brittle),published,/uploads/natco_peanut-gachak-peanut-brittle-400g.jpg,sweets_confectionery,1
amul-dark-chocolate,Amul - Dark Chocolate,published,/uploads/amul_dark-chocolate.jpg,sweets_confectionery,1
bikaji-gulab-jamun-tin,Bikaji - Gulab Jamun Tin,published,/images/products/bikaji-gulab-jamun-tin.png,sweets_confectionery,1
bikaji-soan-papdi,Bikaji - Soan Papdi,published,/images/products/bikaji-soan-papdi.png,sweets_confectionery,1
cadbury-5star-import-6pack,Cadbury - 5 Star Indian Import 6-Pack,published,/uploads/cadbury_5star.jpg,sweets_confectionery,1
cadbury-gems-import-6pack,Cadbury - Gems Indian Import 6-Pack,published,/uploads/cadbury_gems.jpg,sweets_confectionery,1
cadbury-perk-import-6pack,Cadbury - Perk Indian Import 6-Pack,published,/uploads/cadbury_perk.jpg,sweets_confectionery,1
haldirams-gulab-jamun-tin,Haldiram's Gulab Jamun Tin,published,/images/products/haldirams-gulab-jamun-tin.png,sweets_confectionery,2
haldirams-rasgulla-tin,Haldiram's Rasgulla Tin,published,/images/products/haldirams-rasgulla-tin.png,sweets_confectionery,1
haldirams-soan-papdi,Haldiram's Soan Papdi,published,/images/products/haldirams-soan-papdi.png,sweets_confectionery,1
mtr-gulab-jamun-tin,MTR - Gulab Jamun Tin,published,/images/products/mtr-gulab-jamun-tin.png,sweets_confectionery,1
mtr-rasmalai-tin,MTR - Rasmalai Tin,published,/uploads/mtr_rasmalai.jpg,sweets_confectionery,1
parle-mango-bite-40-piece-bag,Parle Mango Bite,published,/uploads/parle-mango-bite.jpg,sweets_confectionery,1
parle-melody-40-piece-bag,Parle Melody,published,,sweets_confectionery,1
14681551307137,Natco - Spiced Tea - Masala Blend 160s,published,/uploads/natco_spiced-tea-masala-blend-160s.jpg,tea_coffee,1
brooke-bond-red-label,Brooke Bond - Red Label Tea,published,/images/products/brooke-bond-red-label.jpg,tea_coffee,2
bru-instant-coffee,Bru - Instant Coffee Original,published,/uploads/bru_instant-coffee.jpg,tea_coffee,1
girnar-masala-chai-teabags-100,Girnar - Masala Chai Tea Bags,published,/uploads/girnar_masala-chai.jpg,tea_coffee,1
leo-coffee-pure,Leo Coffee - Pure,published,/uploads/leo-coffee_pure.jpg,tea_coffee,1
nescafe-classic,Nescafe - Classic,published,/uploads/nescafe_classic.jpg,tea_coffee,1
tata-gold-tea,Tata Gold - Tea,published,/uploads/tata-gold_tea.jpg,tea_coffee,2
udhayam-filter-coffee,Udhayam - Filter Coffee,published,/uploads/udhayam_filter-coffee.jpg,tea_coffee,2
wagh-bakri-masala-chai,Wagh Bakri - Masala Chai,published,/uploads/wagh-bakri_masala-chai.jpg,tea_coffee,1
wagh-bakri-premium-tea,Wagh Bakri - Premium Tea,published,/images/products/wagh-bakri-premium-tea.jpg,tea_coffee,2
chings-hakka-noodles,Ching's Secret - Hakka Noodles,published,/uploads/chings_hakka-noodles.jpg,vermicelli_noodles,1
chings-schezwan-noodles,Ching's Secret - Schezwan Noodles,published,/images/products/chings-schezwan-noodles.jpg,vermicelli_noodles,1
maggi-noodles-masala-4pack,Maggi - 2-Minute Noodles Masala 4-Pack,published,/uploads/maggi_masala-noodles.jpg,vermicelli_noodles,1
maggi-noodles-masala-8pack,Maggi - 2-Minute Noodles Masala 8-Pack,published,/uploads/maggi_masala-noodles.jpg,vermicelli_noodles,1
mtr-roasted-vermicelli,MTR - Roasted Vermicelli,published,/images/products/mtr-roasted-vermicelli.jpg,vermicelli_noodles,1
dabur-chyawanprash,Dabur - Chyawanprash,published,/uploads/dabur_chyawanprash.jpg,wellness_ayurveda,1
glucon-d-mango,Glucon-D - Mango,published,/uploads/glucon-d_mango.jpg,wellness_ayurveda,1
hajmola-digestive-jar-100tabs,Hajmola - Digestive Candy Jar 100 Tablets,published,/uploads/hajmola_digestive.jpg,wellness_ayurveda,1
trs-mukhwas,TRS - Mukhwas Mouth Freshener,published,/uploads/trs_mukhwas.jpg,wellness_ayurveda,1
4567657054280,Natco - Cloves Jar,published,/uploads/natco_cloves-jar-50g.jpg,whole_spices_seeds,1
4567657119816,Natco - Cassia (Dalchini) Jar,published,/uploads/natco_cassia-dalchini-jar-50g.jpg,whole_spices_seeds,1
4567657316424,Natco - Cardamom Green Jar,published,/uploads/natco_cardamom-green-jar-50g.jpg,whole_spices_seeds,1
4567657513032,Natco - Aniseed Star Jar,published,/uploads/natco_aniseed-star-jar-40g.jpg,whole_spices_seeds,1
4567657578568,Natco - Ajwan Seeds Jar,published,/uploads/natco_ajwan-seeds-jar-100g.jpg,whole_spices_seeds,1
4567660134472,Natco - Black Chia Seeds,published,/uploads/natco_black-chia-seeds-250g.jpg,whole_spices_seeds,1
4567660560456,Natco - Sesame Seeds Hulled,published,/uploads/natco_sesame-seeds-hulled-15kg.jpg,whole_spices_seeds,1
4567660593224,Natco - Sesame Seeds Natural,published,/uploads/natco_sesame-seeds-natural-400g.png,whole_spices_seeds,1
4567660658760,Natco - Sagoo Seeds Medium,published,/uploads/natco_sagoo-seeds-medium-15kg.jpg,whole_spices_seeds,1
4567660724296,Natco - Sunflower Seeds,published,/uploads/natco_sunflower-seeds-1kg.jpg,whole_spices_seeds,2
4567660855368,Natco - White Poppy Seeds,published,/uploads/natco_white-poppy-seeds-100g.jpg,whole_spices_seeds,2
4567660920904,Natco - Linseed Brown,published,/uploads/natco_linseed-brown-1kg.jpg,whole_spices_seeds,2
4567660953672,Natco - Pumpkin Seeds,published,/uploads/natco_pumpkin-seeds-250g.png,whole_spices_seeds,1
6804786282568,Natco - Whole Birdseye Chilli Jar,published,/uploads/natco_whole-birdseye-chilli-jar-40g.jpg,whole_spices_seeds,2
6842634403912,Natco - Coriander Seeds Jar,published,/uploads/natco_coriander-seeds-jar-60g.jpg,whole_spices_seeds,2
ajwanseeds,Natco - Ajwan Seeds,published,/uploads/natco_ajwan-seeds-jar-100g.jpg,whole_spices_seeds,1
black-pepper-coarse,Natco - Black Pepper Coarse,published,/uploads/natco_pappadoms-black-pepper-200g.jpg,whole_spices_seeds,3
black-pepper-whole,Natco - Black Pepper Whole,published,/uploads/natco_pappadoms-black-pepper-200g.jpg,whole_spices_seeds,2
black-pepper-whole-jar,Natco - Black Pepper Whole Jar,published,/uploads/natco_pappadoms-black-pepper-200g.jpg,whole_spices_seeds,1
cardamomgreen,Natco - Cardamom Green,published,/uploads/natco_cardamom-green-ground.jpg,whole_spices_seeds,1
cardamomseeds,Natco - Cardamom Seeds,published,/uploads/natco_cardamomseeds.jpg,whole_spices_seeds,1
cassia,Natco - Cassia (Dalchini),published,/uploads/natco_cassia-dalchini-jar-50g.jpg,whole_spices_seeds,1
chilli-whole-birdseye,Natco - Chilli Whole Birdseye,published,/uploads/natco_chilli-whole-birdseye.jpg,whole_spices_seeds,1
chilli-whole-stemless,Natco - Chilli Whole Stemless,published,/uploads/natco_chilli-whole-stemless.jpg,whole_spices_seeds,1
cinnamon-sticks,Natco - Cinnamon Sticks,published,/uploads/natco_cinnamon-sticks.jpg,whole_spices_seeds,1
cloves,Natco - Cloves,published,/uploads/natco_cloves-jar-50g.jpg,whole_spices_seeds,1
coriander-seeds,Natco - Coriander Seeds,published,/uploads/natco_coriander-seeds-jar-60g.jpg,whole_spices_seeds,1
cumin-seeds,Natco - Cumin Seeds,published,/uploads/natco_cumin-seeds-black.jpg,whole_spices_seeds,1
cumin-seeds-black,Natco - Cumin Seeds Black,published,/uploads/natco_cumin-seeds-black.jpg,whole_spices_seeds,1
cumin-seeds-jar,Natco - Cumin Seeds Jar,published,/uploads/natco_cumin-seeds-black.jpg,whole_spices_seeds,1
fennel-seeds,Natco - Fennel Seeds,published,/uploads/natco_fennel-seeds-jar.jpg,whole_spices_seeds,1
fennel-seeds-jar,Natco - Fennel Seeds Jar,published,/uploads/natco_fennel-seeds-jar.jpg,whole_spices_seeds,1
methi-seeds,Natco - Methi Seeds Fenugreek,published,/uploads/natco_methi-seeds-jar.jpg,whole_spices_seeds,1
methi-seeds-jar,Natco - Methi Seeds Jar,published,/uploads/natco_methi-seeds-jar.jpg,whole_spices_seeds,1
mustard-seeds,Natco - Mustard Seeds,published,/uploads/natco_mustard-seeds-black-jar.jpg,whole_spices_seeds,1
mustard-seeds-black-jar,Natco - Mustard Seeds Black Jar,published,/uploads/natco_mustard-seeds-black-jar.jpg,whole_spices_seeds,1
nigella-seeds,Natco - Kalwanji (Nigella) Seeds,published,/uploads/natco_nigella-seeds-jar.jpg,whole_spices_seeds,1
nigella-seeds-jar,Natco - Kalwanji (Nigella) Seeds Jar,published,/uploads/natco_nigella-seeds-jar.jpg,whole_spices_seeds,1
nutmeg-whole-jar,Natco - Nutmeg Whole Jar,published,/uploads/natco_nutmeg-whole-jar.jpg,whole_spices_seeds,1
saffron,Natco - Saffron,published,/uploads/natco_saffron.png,whole_spices_seeds,1
takmuria,Natco - Takmuria (Basil Seeds),published,/uploads/natco_ajwan-seeds-jar-100g.jpg,whole_spices_seeds,1
trs-coriander-seeds-whole-dhania,TRS Coriander Seeds (Whole Dhania),published,/uploads/trs_coriander-seeds-whole-dhania.png,whole_spices_seeds,4
trs-cumin-seeds,TRS Cumin Seeds,published,/uploads/trs_cumin-seeds.png,whole_spices_seeds,4
trs-fennel-seeds,TRS Fennel Seeds,published,/uploads/trs_fennel-seeds.png,whole_spices_seeds,3
trs-fenugreek-seeds,TRS Fenugreek Seeds,published,/uploads/trs_fenugreek-seeds.png,whole_spices_seeds,4
trs-green-cardamom,TRS Green Cardamom,published,/uploads/trs_green-cardamom.png,whole_spices_seeds,3
trs-whole-cinnamon-dalchini,TRS Whole Cinnamon (Dalchini),published,/uploads/trs_whole-cinnamon-dalchini.png,whole_spices_seeds,4
yellow-mustard-seeds,Natco - Yellow Mustard Seeds,published,/uploads/natco_yellow-mustard-seeds.jpg,whole_spices_seeds,1
