product_handle,brand_handle,shelf_weight_kg,status
hamdard-rooh-afza,generic,,published
maaza-mango-drink,generic,,published
kadugu-manga,aachi,,published
lemon-pickle,aachi,,published
mango-pickle,aachi,,published
atta-select,aashirvaad,,published
dark-chocolate,amul,,published
pure-ghee,amul,,published
bombay-potato,ashoka,,published
butter-chicken,ashoka,,published
chana-masala,ashoka,,published
dal-makhani,ashoka,,published
mutter-paneer,ashoka,,published
palak-paneer,ashoka,,published
rajma-masala,ashoka,,published
tarka-dhal,ashoka,,published
gulab-jamun-tin,bikaji,,published
khatta-meetha,bikaji,,published
soan-papdi,bikaji,,published
health-drink,bournvita,,published
grape-soda-6-pack,bovonto,,published
bourbon-cream,britannia,,published
good-day-butter-cookies,britannia,,published
good-day-cashew-cookies,britannia,,published
marie-gold,britannia,,published
red-label-tea,brooke-bond,,published
instant-coffee-original,bru,,published
5-star-indian-import-6-pack,cadbury,,published
gems-indian-import-6-pack,cadbury,,published
perk-indian-import-6-pack,cadbury,,published
hakka-noodles,chings-secret,,published
schezwan-noodles,chings-secret,,published
schezwan-sauce,chings-secret,,published
rozana-basmati,daawat,,published
chyawanprash,dabur,,published
chana-dal,east-end,,published
coriander-powder,east-end,,published
ginger-garlic-paste,east-end,,published
kabuli-chana,east-end,,published
kashmiri-chilli-powder,east-end,,published
moong-dal-washed,east-end,,published
red-split-lentils,east-end,,published
sooji-fine,east-end,,published
toor-dal-oily,east-end,,published
urad-dal-black-whole,east-end,,published
atta-chakki-fresh,elephant,,published
garam-masala,everest,,published
pav-bhaji-masala,everest,,published
sambhar-masala,everest,,published
tea-masala,everest,,published
super-basmati,falak,,published
mango-drink,frooti,,published
masala-chai-tea-bags-100-box,girnar,,published
mango,glucon-d,,published
digestive-candy-jar-100-tablets,hajmola,,published
aloo-bhujia,haldirams,,published
gulab-jamun-tin,haldirams,,published
moong-dal,haldirams,,published
rasgulla-tin,haldirams,,published
soan-papdi,haldirams,,published
mathri,haldirams,,published
rooh-afza,hamdard,,published
original,horlicks,,published
sesame-gingelly-oil,idhayam,,published
fruit-biscuits,karachi-bakery,,published
osmania-biscuits,karachi-bakery,,published
extra-long-basmati,kohinoor,,published
premium-basmati,lal-qilla,,published
gajar-ka-halwa-mix,laziza,,published
gulab-jamun-mix,laziza,,published
kheer-mix,laziza,,published
kulfi-mix,laziza,,published
rasmalai-mix,laziza,,published
zarda-sweet-rice-mix,laziza,,published
pure,leo-coffee,,published
asafoetida-hing,lg,,published
moong-dal-papad,lijjat,,published
urad-papad-extra-thin,lijjat,,published
urad-special-papad,lijjat,,published
2-minute-noodles-masala,maggi,,published
2-minute-noodles-masala-8-pack,maggi,,published
hot-sweet-sauce,maggi,,published
2-minute-noodles-masala-4-pack,maggi,,published
2-minute-noodles-masala-8-pack-vermicelli-noodles,maggi,,published
sambar-masala,mdh,,published
plain-dosa-mix,mtr,,published
gulab-jamun-tin,mtr,,published
idli-mix,mtr,,published
khaman-dhokla-mix,mtr,,published
rasmalai-tin,mtr,,published
rava-dosa-mix,mtr,,published
rava-idli-mix,mtr,,published
roasted-vermicelli,mtr,,published
upma-mix,mtr,,published
vada-mix,mtr,,published
spiced-tea-masala-blend-160s,natco,,published
lemon-juice-1-ltr,natco,,published
lemon-juice,natco,,published
lemon-juice-with-essential-oil,natco,,published
pure-mustard-oil-1ltr,natco,,published
pure-mustard-oil,natco,,published
rose-water,natco,,published
kevda-water,natco,,published
coconut-flavouring-essence,natco,,published
pineapple-flavouring-essence,natco,,published
strawberry-flavouring-essence,natco,,published
rose-flavouring-essence,natco,,published
almond-flavouring-essence,natco,,published
vanilla-flavouring-essence,natco,,published
green-food-colouring-liquid,natco,,published
red-food-colouring-liquid,natco,,published
orange-food-colouring-liquid,natco,,published
green-food-colouring-powder,natco,,published
red-food-colouring-powder,natco,,published
orange-food-colouring-powder,natco,,published
yellow-food-colouring-powder,natco,,published
tandoori-masala-jar,natco,,published
garam-masala-jar,natco,,published
coriander-ground-jar,natco,,published
cloves-jar,natco,,published
cinnamon-ground-jar,natco,,published
cassia-dalchini-jar,natco,,published
chilli-powder-hot-jar,natco,,published
chilli-crushed-jar,natco,,published
cardamom-green-jar,natco,,published
bay-leaves-jar,natco,,published
asafoetida-hing-jar,natco,,published
aniseed-star-jar,natco,,published
amchoor-powder-jar,natco,,published
ajwan-seeds-jar,natco,,published
tandoori-masala,natco,,published
mixed-masala-whole,natco,,published
kasuri-methi-leaves,natco,,published
garam-masala,natco,,published
vermice-t-apos-dini-fedelini,natco,,published
black-chia-seeds,natco,,published
peanut-gachak-peanut-brittle,natco,,published
sugar-candy,natco,,published
soya-mince,natco,,published
soya-chunks,natco,,published
sesame-seeds-hulled,natco,,published
sesame-seeds-natural,natco,,published
sagoo-seeds-medium,natco,,published
sunflower-seeds,natco,,published
powa-medium-flaked-rice,natco,,published
white-poppy-seeds,natco,,published
linseed-brown,natco,,published
pumpkin-seeds,natco,,published
popcorn,natco,,published
crispy-fried-onions,natco,,published
jaggery,natco,,published
daria-dal,natco,,published
phool-makhana-popped-lotus-seeds,natco,,published
daria-gotta-large,natco,,published
daria-gotta-small,natco,,published
gram-roasted-salted,natco,,published
gram-roasted-unsalted,natco,,published
idli-rice,natco,,published
ponni-rice,natco,,published
sona-masuri-rice,natco,,published
easycook-parboiled-rice,natco,,published
long-grain-white-rice,natco,,published
basmati-rice-kernel,natco,,published
basmati-rice-india,natco,,published
basmati-rice-india-bag,natco,,published
pappadoms-madras-papa-brand,natco,,published
pappadoms-madras-coin-size,natco,,published
pappadoms-punjabi-microwavable,natco,,published
pappadoms-plain-microwavable,natco,,published
pappadoms-jeera-microwavable,natco,,published
pappadoms-black-pepper,natco,,published
luxury-fruit-amp-nuts-mix,natco,,published
luxury-fruit-amp-nut-mix,natco,,published
pistachio-kernels,natco,,published
roasted-amp-salted-pistachio-nuts,natco,,published
roasted-monkey-nuts,natco,,published
peanuts-red,natco,,published
coconut-halves,natco,,published
coconut-flakes,natco,,published
coconut-milk-powder,natco,,published
coconut-desiccated-fine,natco,,published
coconut-desicated-medium,natco,,published
cashew-roasted-salted,natco,,published
cashew-large-white-pieces,natco,,published
cashew-split,natco,,published
cashew-kernel,natco,,published
walnut-halves,natco,,published
pecans,natco,,published
almond-blanched-whole,natco,,published
blanched-almond-whole,natco,,published
almond-flakes,natco,,published
almonds-ground,natco,,published
almonds,natco,,published
pavbhaji-masala-mangal,natco,,published
biryani-masala-mangal,natco,,published
chicken-masala-mangal,natco,,published
sambhar-masala-mangal,natco,,published
pickle-masala-mangal,natco,,published
meat-masala-mangal,natco,,published
chat-masala-mangal,natco,,published
chana-masala-mangal,natco,,published
anardana-powder-mangal,natco,,published
soya-beans,natco,,published
red-lentils-polished,natco,,published
mung-dal-yellow,natco,,published
mung-split,natco,,published
mung-beans,natco,,published
green-lentils,natco,,published
chanadal-polished,natco,,published
brown-lentils,natco,,published
butter-beans,natco,,published
black-eye-beans,natco,,published
alubia-beans,natco,,published
coconut-water,natco,,published
rose-syrup,natco,,published
dried-tarragon,natco,,published
sage-jar,natco,,published
parsley-jar,natco,,published
oregano-jar,natco,,published
mixed-herbs-jar,natco,,published
mint-jar,natco,,published
marjoram-jar,natco,,published
coriander-leaves-jar,natco,,published
basil-jar,natco,,published
milk-powder,natco,,published
ragi-flour,natco,,published
millet-bajri-flour,natco,,published
couscous,natco,,published
semolina-extra-coarse,natco,,published
semolina-coarse,natco,,published
semolina-fine,natco,,published
rice-flour,natco,,published
ground-rice,natco,,published
gram-flour-papa-brand,natco,,published
gram-flour-superfine,natco,,published
white-maize-meal,natco,,published
cornmeal-medium,natco,,published
cornmeal-fine,natco,,published
chakki-atta-multigrain,natco,,published
chapati-flour-medium,natco,,published
chapati-flour-white,natco,,published
golden-raisins,natco,,published
toovar,natco,,published
suran-yam,natco,,published
punjabi-tinda-full-case-12x400g,natco,,published
okra-full-case-12x400g,natco,,published
lotus-root,natco,,published
karela,natco,,published
sarson-ka-saag,natco,,published
patra,natco,,published
tomatoes-chopped-full-case-12x400g,natco,,published
tomatoes-peeled,natco,,published
tomato-paste,natco,,published
spinach-leaf,natco,,published
rose-coco-borlotti-beans,natco,,published
coconut-oil-parachute-brand,natco,,published
olive-oil-extra-virgin,natco,,published
mango-pulp-kesar,natco,,published
mango-slices-alphonso,natco,,published
mango-pulp-alphonso,natco,,published
ghee-pure-butter,natco,,published
ghee-pure-plough-brand,natco,,published
kala-chana-boiled,natco,,published
coconut-cream,natco,,published
coconut-milk-light,natco,,published
coconut-milk,natco,,published
coriander-mint-sauce,natco,,published
tamarind-amp-date-sauce,natco,,published
garlic-amp-chilli-sauce,natco,,published
chilli-sauce-hot,natco,,published
tamarind-sauce,natco,,published
bombay-sandwich-spread,natco,,published
garlic-amp-ginger-paste,natco,,published
ginger-paste,natco,,published
garlic-paste,natco,,published
garlic-pickle,natco,,published
mango-chutney-sweet,natco,,published
mango-chutney-spicy,natco,,published
thecha-chilli-paste,natco,,published
brinjal-chutney-sweet,natco,,published
chundo-chutney-sweet,natco,,published
gorkeri-chutney-sweet,natco,,published
lime-pickle-hot,natco,,published
mixed-pickle,natco,,published
chilli-pickle-hot,natco,,published
mango-pickle-hot,natco,,published
chick-peas,natco,,published
chick-peas-full-case-12x400g,natco,,published
pomace-olive-oil,natco,,published
pomace-olive-oil-blend-3-litres,natco,,published
red-kidney-beans-boiled-full-case-12x400g,natco,,published
red-kidney-beans,natco,,published
chick-peas-full-case-4x1kg,natco,,published
coconut-flour,natco,,published
all-purpose-seasoning,natco,,published
pine-nuts,natco,,published
mamra-basmati,natco,,published
big-d-salted-peanuts-24x50g,natco,,published
big-d-honey-roast-peanuts-12x50g-packs-on-a-pub-card,natco,,published
bhel-puri-kit,natco,,published
big-d-salted-cashews-12x30g-cards,natco,,published
white-kidney-beans,natco,,published
spinach-puree,natco,,published
black-eyed-beans,natco,,published
pure-sesame-oil,natco,,published
groundnut-oil,natco,,published
pure-linseed-oil,natco,,published
castor-oil,natco,,published
almond-oil,natco,,published
rosemary-jar,natco,,published
demerara-sugar,natco,,published
whole-birdseye-chilli-jar,natco,,published
coriander-seeds-jar,natco,,published
ajwan-seeds,natco,,published
amchoor-powder,natco,,published
black-pepper-coarse,natco,,published
black-pepper-ground,natco,,published
black-pepper-ground-jar,natco,,published
black-pepper-whole,natco,,published
black-pepper-whole-jar,natco,,published
brown-chick-peas,natco,,published
cardamom-green-ground,natco,,published
cardamom-green,natco,,published
cardamom-seeds,natco,,published
cassia-dalchini,natco,,published
chilli-powder,natco,,published
chilli-powder-extra-hot,natco,,published
chilli-powder-kashmiri,natco,,published
chilli-whole-birdseye,natco,,published
chilli-whole-stemless,natco,,published
chinese-5-spice,natco,,published
cinnamon-sticks,natco,,published
cloves,natco,,published
cloves-ground,natco,,published
coriander-ground,natco,,published
coriander-seeds,natco,,published
chilli-crushed,natco,,published
cumin-ground-jar,natco,,published
cumin-ground,natco,,published
cumin-seeds,natco,,published
cumin-seeds-black,natco,,published
cumin-seeds-jar,natco,,published
curry-powder,natco,,published
curry-powder-hot,natco,,published
curry-powder-medium-jar,natco,,published
curry-leaves,natco,,published
fennel-seeds,natco,,published
fennel-seeds-jar,natco,,published
garlic-flakes,natco,,published
garlic-powder,natco,,published
garlic-powder-jar,natco,,published
ginger-powder,natco,,published
ground-ginger-jar,natco,,published
kala-namak,natco,,published
mace-ground,natco,,published
methi-leaves-jar,natco,,published
methi-seeds-fenugreek,natco,,published
methi-seeds-jar,natco,,published
moth-beans,natco,,published
mustard-seeds,natco,,published
mustard-seeds-black-jar,natco,,published
kalwanji-nigella-seeds,natco,,published
kalwanji-nigella-seeds-jar,natco,,published
nutmeg-ground,natco,,published
nutmeg-ground-jar,natco,,published
nutmeg-whole-jar,natco,,published
panchpuran-5-whole-spice,natco,,published
paprika-powder,natco,,published
paprika-powder-jar,natco,,published
saffron,natco,,published
takmuria-basil-seeds,natco,,published
tamarind-paste-jar,natco,,published
tamarind-slab,natco,,published
tamarind-wet,natco,,published
toor-dal-oily,natco,,published
toor-dal-plain,natco,,published
turmeric-powder,natco,,published
turmeric-powder-jar,natco,,published
urid-dal-white,natco,,published
urid-beans,natco,,published
urid-split,natco,,published
white-pepper-ground,natco,,published
white-pepper-ground-jar,natco,,published
yellow-mustard-seeds,natco,,published
yellow-split-peas,natco,,published
mango-pickle,national-foods,,published
mixed-pickle,national-foods,,published
classic,nescafe,,published
coconut-oil,parachute,,published
bourbon,parle,,published
g-glucose-biscuits,parle,,published
mango-bite,parle,,published
melody,parle,,published
monaco-salted-crackers,parle,,published
lime-pickle,pataks,,published
mango-chutney,pataks,,published
mixed-pickle,pataks,,published
tikka-masala-paste,pataks,,published
chakki-fresh-atta,pillsbury,,published
avakaya-mango-pickle,priya,,published
garlic-pickle,priya,,published
gongura-mutton-pickle,priya,,published
gongura-pickle,priya,,published
lemon-pickle,priya,,published
tomato-pickle,priya,,published
mango-concentrate,rasna,,published
achar-gosht-masala,shan,,published
bombay-biryani-mix,shan,,published
haleem-mix,shan,,published
pilau-rice-mix,shan,,published
sindhi-biryani-mix,shan,,published
special-beef-biryani-mix,shan,,published
special-chicken-biryani-mix,shan,,published
special-mutton-biryani-mix,shan,,published
tea,tata-gold,,published
pure-basmati,tilda,,published
coarse-black-pepper,trs,,published
coarse-cornmeal,trs,,published
coarse-semolina,trs,,published
coriander-powder-dhania,trs,,published
coriander-seeds-whole-dhania,trs,,published
crushed-chilli,trs,,published
cumin-powder,trs,,published
cumin-seeds,trs,,published
fennel-seeds,trs,,published
fenugreek-leaves,trs,,published
fenugreek-seeds,trs,,published
fine-desiccated-coconut,trs,,published
fine-semolina,trs,,published
garam-masala,trs,,published
garlic-powder,trs,,published
ginger-paste,trs,,published
ginger-powder,trs,,published
green-cardamom,trs,,published
green-lentils,trs,,published
ground-rice,trs,,published
hot-madras-curry,trs,,published
mild-madras-curry-powder,trs,,published
moth-beans,trs,,published
mung-beans,trs,,published
mung-dal,trs,,published
mung-dal-chilka-split-green-peas,trs,,published
paprika-powder,trs,,published
popcorn,trs,,published
puffed-lotus-seeds-makhana,trs,,published
pure-gram-flour,trs,,published
red-adzuki-beans-red-cow-peas,trs,,published
red-kidney-beans,trs,,published
red-split-lentils,trs,,published
rosecoco-beans,trs,,published
sarson-ka-saag-spiced-mustard-greens-curry,trs,,published
tapioca-pearls,trs,,published
toor-dal,trs,,published
tumeric-powder,trs,,published
urid-beans,trs,,published
urid-dal,trs,,published
urid-dal-chilka,trs,,published
urid-whole-gota,trs,,published
white-maize-meal,trs,,published
whole-cinnamon-dalchini,trs,,published
yellow-peas,trs,,published
yellow-split-peas,trs,,published
chilli-powder-hot,trs,,published
coconut-milk,trs,,published
dark-red-kidney-beans,trs,,published
garlic-paste,trs,,published
ginger-garlic-paste,trs,,published
kala-chana,trs,,published
kashmiri-chilli-powder,trs,,published
kewra-water,trs,,published
mixed-panchratna-dal,trs,,published
moong-whole-green,trs,,published
mukhwas-mouth-freshener,trs,,published
mustard-oil,trs,,published
pure-ghee,trs,,published
roasted-chana-daria,trs,,published
roasted-cumin-powder,trs,,published
roasted-peanuts,trs,,published
rose-water,trs,,published
tamarind-block,trs,,published
toor-dal-dry,trs,,published
toor-dal-oily,trs,,published
urad-dal-black-whole,trs,,published
filter-coffee,udhayam,,published
masala-chai,wagh-bakri,,published
premium-tea,wagh-bakri,,published
indian-onion,fresh_veg,,published
mud-potato,fresh_veg,,published
ginger,fresh_veg,,published
garlic,fresh_veg,,published
okra-bhindi,fresh_veg,,published
green-chillies,fresh_veg,,published
bottle-gourd-dudhi,fresh_veg,,published
bitter-gourd-karela,fresh_veg,,published
drumsticks,fresh_veg,,published
tindora,fresh_veg,,published
curry-leaves-fresh-veg,fresh_veg,,published
vine-tomato,fresh_veg,,published
green-lime,fresh_veg,,published
coconut,fresh_veg,,published
green-plantains,fresh_veg,,published
cassava-mogo,fresh_veg,,published
arbi-taro-root,fresh_veg,,published
