product_handle,brand_handle,variant_handle,vendor_handle,vendor_sku,cost_price_gbp,is_primary
hamdard-rooh-afza,generic,1-5l,multiple_suppliers,generic-generic-hamdard-rooh-afza-15l,,true
maaza-mango-drink,generic,1l,multiple_suppliers,generic-generic-maaza-mango-drink-1l,,true
kadugu-manga,aachi,300g,aachi_foods,aachi-aachi-kadugu-manga-300g,,true
lemon-pickle,aachi,300g,aachi_foods,aachi-aachi-lemon-pickle-300g,,true
mango-pickle,aachi,500g,aachi_foods,aachi-aachi-mango-pickle-500g,,true
atta-select,aashirvaad,5kg,multiple_suppliers,aashirvaad-aashirvaad-aashirvaad-atta-select-5kg,,true
atta-select,aashirvaad,10kg,multiple_suppliers,aashirvaad-aashirvaad-aashirvaad-atta-select-10kg,,true
dark-chocolate,amul,150g,multiple_suppliers,amul-amul-dark-chocolate-150g,,true
pure-ghee,amul,1kg,multiple_suppliers,amul-amul-ghee-1kg,,true
bombay-potato,ashoka,280g,ashoka_foods,ashoka-ashoka-bombay-potato-280g,,true
butter-chicken,ashoka,280g,ashoka_foods,ashoka-ashoka-butter-chicken-280g,,true
chana-masala,ashoka,280g,ashoka_foods,ashoka-ashoka-chana-masala-280g,,true
dal-makhani,ashoka,280g,ashoka_foods,ashoka-ashoka-dal-makhani-280g,,true
mutter-paneer,ashoka,280g,ashoka_foods,ashoka-ashoka-mutter-paneer-280g,,true
palak-paneer,ashoka,280g,ashoka_foods,ashoka-ashoka-palak-paneer-280g,,true
rajma-masala,ashoka,280g,ashoka_foods,ashoka-ashoka-rajma-masala-280g,,true
tarka-dhal,ashoka,280g,ashoka_foods,ashoka-ashoka-tarka-dhal-280g,,true
gulab-jamun-tin,bikaji,1kg,bikaji_foods,bikaji-bikaji-gulab-jamun-tin-1kg,,true
khatta-meetha,bikaji,200g,bikaji_foods,bikaji-bikaji-khatta-meetha-200g,,true
soan-papdi,bikaji,500g,bikaji_foods,bikaji-bikaji-soan-papdi-500g,,true
health-drink,bournvita,500g,multiple_suppliers,bournvita-bournvita-500g,,true
grape-soda-6-pack,bovonto,300ml,multiple_suppliers,bovonto-bovonto-grape-6pack,,true
bourbon-cream,britannia,200g,britannia_ind,britannia-britannia-britannia-bourbon-cream-200g,,true
good-day-butter-cookies,britannia,150g,britannia_ind,britannia-britannia-britannia-good-day-butter-cookies-150g,,true
good-day-cashew-cookies,britannia,150g,britannia_ind,britannia-britannia-britannia-good-day-cashew-cookies-150g,,true
marie-gold,britannia,200g,britannia_ind,britannia-britannia-britannia-marie-gold-200g,,true
red-label-tea,brooke-bond,500g,multiple_suppliers,brooke-bond-brooke-bond-tea-500g,,true
red-label-tea,brooke-bond,1kg,multiple_suppliers,brooke-bond-brooke-bond-tea-1kg,,true
instant-coffee-original,bru,100g,multiple_suppliers,bru-bru-coffee-100g,,true
hakka-noodles,chings-secret,240g,multiple_suppliers,chings-secret-chings-hakka-noodles-240g,,true
schezwan-noodles,chings-secret,240g,multiple_suppliers,chings-secret-chings-schezwan-noodles-240g,,true
schezwan-sauce,chings-secret,250g,multiple_suppliers,chings-secret-chings-schezwan-sauce-250g,,true
rozana-basmati,daawat,5kg,multiple_suppliers,daawat-daawat-daawat-rozana-basmati-5kg,,true
chyawanprash,dabur,500g,multiple_suppliers,dabur-dabur-chyawanprash-500g,,true
chana-dal,east-end,2kg,east_end_foods,east-end-east-end-chana-dal-2kg,,true
coriander-powder,east-end,400g,east_end_foods,east-end-east-end-coriander-powder-400g,,true
ginger-garlic-paste,east-end,1kg,east_end_foods,east-end-east-end-gg-paste-1kg,,true
kabuli-chana,east-end,2kg,east_end_foods,east-end-east-end-kabuli-chana-2kg,,true
kashmiri-chilli-powder,east-end,200g,east_end_foods,east-end-east-end-kashmiri-chilli-200g,,true
moong-dal-washed,east-end,2kg,east_end_foods,east-end-east-end-moong-dal-2kg,,true
red-split-lentils,east-end,2kg,east_end_foods,east-end-east-end-red-split-lentils-2kg,,true
sooji-fine,east-end,500g,east_end_foods,east-end-east-end-sooji-fine-500g,,true
toor-dal-oily,east-end,2kg,east_end_foods,east-end-east-end-toor-dal-oily-2kg,,true
urad-dal-black-whole,east-end,2kg,east_end_foods,east-end-east-end-urad-black-whole-2kg,,true
atta-chakki-fresh,elephant,5kg,multiple_suppliers,elephant-elephant-elephant-atta-chakki-fresh-5kg,,true
atta-chakki-fresh,elephant,10kg,multiple_suppliers,elephant-elephant-elephant-atta-chakki-fresh-10kg,,true
garam-masala,everest,100g,everest_spices,everest-everest-garam-masala-100g,,true
pav-bhaji-masala,everest,100g,everest_spices,everest-everest-pav-bhaji-100g,,true
sambhar-masala,everest,100g,everest_spices,everest-everest-sambhar-masala-100g,,true
tea-masala,everest,100g,everest_spices,everest-everest-tea-masala-100g,,true
super-basmati,falak,5kg,multiple_suppliers,falak-falak-falak-super-basmati-5kg,,true
mango-drink,frooti,1l,multiple_suppliers,frooti-frooti-mango-1l,,true
mango,glucon-d,500g,multiple_suppliers,glucon-d-glucon-d-mango-500g,,true
aloo-bhujia,haldirams,400g,haldiram_snacks,haldirams-haldirams-haldirams-aloo-bhujia-400g,,true
aloo-bhujia,haldirams,1kg,haldiram_snacks,haldirams-haldirams-haldirams-aloo-bhujia-1kg,,true
gulab-jamun-tin,haldirams,500g,haldiram_snacks,haldirams-haldirams-haldirams-gulab-jamun-tin-500g,,true
gulab-jamun-tin,haldirams,1kg,haldiram_snacks,haldirams-haldirams-haldirams-gulab-jamun-tin-1kg,,true
moong-dal,haldirams,400g,haldiram_snacks,haldirams-haldirams-haldirams-moong-dal-400g,,true
rasgulla-tin,haldirams,1kg,haldiram_snacks,haldirams-haldirams-haldirams-rasgulla-tin-1kg,,true
soan-papdi,haldirams,500g,haldiram_snacks,haldirams-haldirams-haldirams-soan-papdi-500g,,true
mathri,haldirams,200g,haldiram_snacks,haldirams-haldirams-mathri-200g,,true
rooh-afza,hamdard,750ml,multiple_suppliers,hamdard-rooh-afza-750ml,,true
rooh-afza,hamdard,1-5l,multiple_suppliers,hamdard-rooh-afza-1-5l,,true
original,horlicks,500g,multiple_suppliers,horlicks-horlicks-500g,,true
sesame-gingelly-oil,idhayam,1l,multiple_suppliers,idhayam-idhayam-sesame-oil-1l,,true
fruit-biscuits,karachi-bakery,400g,multiple_suppliers,karachi-bakery-karachi-fruit-biscuits-400g,,true
osmania-biscuits,karachi-bakery,400g,multiple_suppliers,karachi-bakery-karachi-osmania-biscuits-400g,,true
extra-long-basmati,kohinoor,2kg,multiple_suppliers,kohinoor-kohinoor-kohinoor-extra-long-basmati-2kg,,true
extra-long-basmati,kohinoor,5kg,multiple_suppliers,kohinoor-kohinoor-kohinoor-extra-long-basmati-5kg,,true
premium-basmati,lal-qilla,5kg,multiple_suppliers,lal-qilla-lal-qilla-lal-qilla-premium-basmati-5kg,,true
premium-basmati,lal-qilla,10kg,multiple_suppliers,lal-qilla-lal-qilla-lal-qilla-premium-basmati-10kg,,true
gajar-ka-halwa-mix,laziza,150g,laziza_foods,laziza-laziza-gajar-halwa-150g,,true
gulab-jamun-mix,laziza,200g,laziza_foods,laziza-laziza-gulab-jamun-200g,,true
kheer-mix,laziza,150g,laziza_foods,laziza-laziza-kheer-mix-150g,,true
kulfi-mix,laziza,150g,laziza_foods,laziza-laziza-kulfi-mix-150g,,true
rasmalai-mix,laziza,200g,laziza_foods,laziza-laziza-rasmalai-mix-200g,,true
zarda-sweet-rice-mix,laziza,150g,laziza_foods,laziza-laziza-zarda-mix-150g,,true
pure,leo-coffee,200g,multiple_suppliers,leo-coffee-leo-coffee-200g,,true
asafoetida-hing,lg,100g,multiple_suppliers,lg-lg-hing-100g,,true
moong-dal-papad,lijjat,200g,shri_mahila,lijjat-lijjat-lijjat-moong-dal-papad-200g,,true
urad-papad-extra-thin,lijjat,200g,shri_mahila,lijjat-lijjat-lijjat-urad-papad-extra-thin-200g,,true
urad-special-papad,lijjat,200g,shri_mahila,lijjat-lijjat-lijjat-urad-special-papad-200g,,true
2-minute-noodles-masala,maggi,4pack,nestle_india,maggi-maggi-maggi-2-minute-noodles-masala-4-pack,,true
2-minute-noodles-masala-8-pack,maggi,8pack,nestle_india,maggi-maggi-maggi-2-minute-noodles-masala-8-pack-8-pack,,true
hot-sweet-sauce,maggi,400g,nestle_india,maggi-maggi-maggi-hot-sweet-sauce-400g,,true
sambar-masala,mdh,100g,mdh_spices,mdh-mdh-sambar-masala-100g,,true
plain-dosa-mix,mtr,500g,mtr_foods,mtr-mtr-dosa-mix-500g,,true
gulab-jamun-tin,mtr,500g,mtr_foods,mtr-mtr-gulab-jamun-tin-500g,,true
idli-mix,mtr,500g,mtr_foods,mtr-mtr-idli-mix-500g,,true
khaman-dhokla-mix,mtr,500g,mtr_foods,mtr-mtr-dhokla-mix-500g,,true
rasmalai-tin,mtr,500g,mtr_foods,mtr-mtr-rasmalai-tin-500g,,true
rava-dosa-mix,mtr,500g,mtr_foods,mtr-mtr-rava-dosa-mix-500g,,true
rava-idli-mix,mtr,500g,mtr_foods,mtr-mtr-rava-idli-mix-500g,,true
roasted-vermicelli,mtr,400g,mtr_foods,mtr-mtr-vermicelli-400g,,true
upma-mix,mtr,500g,mtr_foods,mtr-mtr-upma-mix-500g,,true
vada-mix,mtr,200g,mtr_foods,mtr-mtr-vada-mix-200g,,true
lemon-juice,natco,500ml,natco_foods,natco-natco-lemon-juice-500ml,,true
lemon-juice-with-essential-oil,natco,200ml,natco_foods,natco-natco-lemon-juice-with-essential-oil-200ml,,true
pure-mustard-oil,natco,250ml,natco_foods,natco-natco-pure-mustard-oil-250ml,,true
rose-water,natco,310ml,natco_foods,natco-natco-rose-water-310ml,,true
kevda-water,natco,310ml,natco_foods,natco-natco-kevda-water-310ml,,true
coconut-flavouring-essence,natco,28ml,natco_foods,natco-natco-coconut-flavouring-essence-28ml,,true
pineapple-flavouring-essence,natco,28ml,natco_foods,natco-natco-pineapple-flavouring-essence-28ml,,true
strawberry-flavouring-essence,natco,28ml,natco_foods,natco-natco-strawberry-flavouring-essence-28ml,,true
rose-flavouring-essence,natco,28ml,natco_foods,natco-natco-rose-flavouring-essence-28ml,,true
almond-flavouring-essence,natco,28ml,natco_foods,natco-natco-almond-flavouring-essence-28ml,,true
vanilla-flavouring-essence,natco,28ml,natco_foods,natco-natco-vanilla-flavouring-essence-28ml,,true
green-food-colouring-liquid,natco,28ml,natco_foods,natco-natco-green-food-colouring-liquid-28ml,,true
red-food-colouring-liquid,natco,28ml,natco_foods,natco-natco-red-food-colouring-liquid-28ml,,true
orange-food-colouring-liquid,natco,28ml,natco_foods,natco-natco-orange-food-colouring-liquid-28ml,,true
green-food-colouring-powder,natco,25g,natco_foods,natco-natco-green-food-colouring-powder-25g,,true
red-food-colouring-powder,natco,25g,natco_foods,natco-natco-red-food-colouring-powder-25g,,true
orange-food-colouring-powder,natco,25g,natco_foods,natco-natco-orange-food-colouring-powder-25g,,true
yellow-food-colouring-powder,natco,25g,natco_foods,natco-natco-yellow-food-colouring-powder-25g,,true
tandoori-masala-jar,natco,100g,natco_foods,natco-natco-tandoori-masala-jar-100g,,true
garam-masala-jar,natco,80g,natco_foods,natco-natco-garam-masala-jar-80g,,true
coriander-ground-jar,natco,70g,natco_foods,natco-natco-coriander-ground-jar-70g,,true
cloves-jar,natco,50g,natco_foods,natco-natco-cloves-jar-50g,,true
cinnamon-ground-jar,natco,100g,natco_foods,natco-natco-cinnamon-ground-jar-100g,,true
cassia-dalchini-jar,natco,50g,natco_foods,natco-natco-cassia-dalchini-jar-50g,,true
chilli-powder-hot-jar,natco,100g,natco_foods,natco-natco-chilli-powder-hot-jar-100g,,true
chilli-crushed-jar,natco,80g,natco_foods,natco-natco-chilli-crushed-jar-80g,,true
cardamom-green-jar,natco,50g,natco_foods,natco-natco-cardamom-green-jar-50g,,true
bay-leaves-jar,natco,10g,natco_foods,natco-natco-bay-leaves-jar-10g,,true
asafoetida-hing-jar,natco,100g,natco_foods,natco-natco-asafoetida-hing-jar-100g,,true
aniseed-star-jar,natco,40g,natco_foods,natco-natco-aniseed-star-jar-40g,,true
amchoor-powder-jar,natco,100g,natco_foods,natco-natco-amchoor-powder-jar-100g,,true
ajwan-seeds-jar,natco,100g,natco_foods,natco-natco-ajwan-seeds-jar-100g,,true
tandoori-masala,natco,400g,natco_foods,natco-natco-tandoori-masala-400g,,true
mixed-masala-whole,natco,300g,natco_foods,natco-natco-mixed-masala-whole-300g,,true
kasuri-methi-leaves,natco,100g,natco_foods,natco-natco-kasuri-methi-leaves-100g,,true
garam-masala,natco,400g,natco_foods,natco-natco-garam-masala-400g,,true
vermice-t-apos-dini-fedelini,natco,500g,natco_foods,natco-natco-vermice-taposdini-fedelini-500g,,true
black-chia-seeds,natco,250g,natco_foods,natco-natco-black-chia-seeds-250g,,true
peanut-gachak-peanut-brittle,natco,400g,natco_foods,natco-natco-peanut-gachak-peanut-brittle-400g,,true
sugar-candy,natco,375g,natco_foods,natco-natco-sugar-candy-375g,,true
soya-mince,natco,300g,natco_foods,natco-natco-soya-mince-300g,,true
soya-chunks,natco,700g,natco_foods,natco-natco-soya-chunks-700g,,true
soya-chunks,natco,350g,natco_foods,natco-natco-soya-chunks-350g,,true
sesame-seeds-hulled,natco,1-5kg,natco_foods,natco-natco-sesame-seeds-hulled-15kg,,true
sesame-seeds-natural,natco,400g,natco_foods,natco-natco-sesame-seeds-natural-400g,,true
sagoo-seeds-medium,natco,1-5kg,natco_foods,natco-natco-sagoo-seeds-medium-15kg,,true
sunflower-seeds,natco,1kg,natco_foods,natco-natco-sunflower-seeds-1kg,,true
sunflower-seeds,natco,300g,natco_foods,natco-natco-sunflower-seeds-300g,,true
powa-medium-flaked-rice,natco,1kg,natco_foods,natco-natco-powa-medium-flaked-rice-1kg,,true
white-poppy-seeds,natco,300g,natco_foods,natco-natco-white-poppy-seeds-300g,,true
white-poppy-seeds,natco,100g,natco_foods,natco-natco-white-poppy-seeds-100g,,true
linseed-brown,natco,1kg,natco_foods,natco-natco-linseed-brown-1kg,,true
linseed-brown,natco,400g,natco_foods,natco-natco-linseed-brown-400g,,true
pumpkin-seeds,natco,250g,natco_foods,natco-natco-pumpkin-seeds-250g,,true
popcorn,natco,2kg,natco_foods,natco-natco-popcorn-2kg,,true
popcorn,natco,500g,natco_foods,natco-natco-popcorn-500g,,true
crispy-fried-onions,natco,150g,natco_foods,natco-natco-crispy-fried-onions-150g,,true
crispy-fried-onions,natco,400g,natco_foods,natco-natco-crispy-fried-onions-400g,,true
jaggery,natco,500g,natco_foods,natco-natco-jaggery-500g,,true
daria-dal,natco,300g,natco_foods,natco-natco-daria-dal-300g,,true
phool-makhana-popped-lotus-seeds,natco,100g,natco_foods,natco-natco-phool-makhana-popped-lotus-seeds-100g,,true
daria-gotta-large,natco,700g,natco_foods,natco-natco-daria-gotta-large-700g,,true
daria-gotta-small,natco,300g,natco_foods,natco-natco-daria-gotta-small-300g,,true
gram-roasted-salted,natco,300g,natco_foods,natco-natco-gram-roasted-salted-300g,,true
gram-roasted-unsalted,natco,300g,natco_foods,natco-natco-gram-roasted-unsalted-300g,,true
idli-rice,natco,5kg,natco_foods,natco-natco-idli-rice-5kg,,true
ponni-rice,natco,5kg,natco_foods,natco-natco-ponni-rice-5kg,,true
sona-masuri-rice,natco,5kg,natco_foods,natco-natco-sona-masuri-rice-5kg,,true
easycook-parboiled-rice,natco,5kg,natco_foods,natco-natco-easycook-parboiled-rice-5kg,,true
long-grain-white-rice,natco,5kg,natco_foods,natco-natco-long-grain-white-rice-5kg,,true
basmati-rice-kernel,natco,5kg,natco_foods,natco-natco-basmati-rice-kernel-5kg,,true
basmati-rice-india,natco,2kg,natco_foods,natco-natco-basmati-rice-india-2kg,,true
basmati-rice-india-bag,natco,5kg,natco_foods,natco-natco-basmati-rice-india-bag-5kg,,true
pappadoms-madras-papa-brand,natco,250g,natco_foods,natco-natco-pappadoms-madras-papa-brand-250g,,true
pappadoms-madras-coin-size,natco,200g,natco_foods,natco-natco-pappadoms-madras-coin-size-200g,,true
pappadoms-punjabi-microwavable,natco,200g,natco_foods,natco-natco-pappadoms-punjabi-microwavable-200g,,true
pappadoms-plain-microwavable,natco,200g,natco_foods,natco-natco-pappadoms-plain-microwavable-200g,,true
pappadoms-jeera-microwavable,natco,200g,natco_foods,natco-natco-pappadoms-jeera-microwavable-200g,,true
pappadoms-black-pepper,natco,200g,natco_foods,natco-natco-pappadoms-black-pepper-200g,,true
luxury-fruit-amp-nuts-mix,natco,750g,natco_foods,natco-natco-luxury-fruit-nuts-mix-750g,,true
luxury-fruit-amp-nut-mix,natco,250g,natco_foods,natco-natco-luxury-fruit-nut-mix-250g,,true
pistachio-kernels,natco,1kg,natco_foods,natco-natco-pistachio-kernels-1kg,,true
pistachio-kernels,natco,250g,natco_foods,natco-natco-pistachio-kernels-250g,,true
pistachio-kernels,natco,100g,natco_foods,natco-natco-pistachio-kernels-100g,,true
roasted-amp-salted-pistachio-nuts,natco,1kg,natco_foods,natco-natco-roasted-salted-pistachio-nuts-1kg,,true
roasted-amp-salted-pistachio-nuts,natco,300g,natco_foods,natco-natco-roasted-salted-pistachio-nuts-300g,,true
roasted-amp-salted-pistachio-nuts,natco,100g,natco_foods,natco-natco-roasted-salted-pistachio-nuts-100g,,true
roasted-monkey-nuts,natco,300g,natco_foods,natco-natco-roasted-monkey-nuts-300g,,true
peanuts-red,natco,1kg,natco_foods,natco-natco-peanuts-red-1kg,,true
peanuts-red,natco,400g,natco_foods,natco-natco-peanuts-red-400g,,true
coconut-halves,natco,250g,natco_foods,natco-natco-coconut-halves-250g,,true
coconut-flakes,natco,200g,natco_foods,natco-natco-coconut-flakes-200g,,true
coconut-milk-powder,natco,300g,natco_foods,natco-natco-coconut-milk-powder-300g,,true
coconut-desiccated-fine,natco,300g,natco_foods,natco-natco-coconut-desiccated-fine-300g,,true
coconut-desicated-medium,natco,1kg,natco_foods,natco-natco-coconut-desicated-medium-1kg,,true
cashew-roasted-salted,natco,250g,natco_foods,natco-natco-cashew-roasted-salted-250g,,true
cashew-large-white-pieces,natco,750g,natco_foods,natco-natco-cashew-large-white-pieces-750g,,true
cashew-split,natco,1kg,natco_foods,natco-natco-cashew-split-1kg,,true
cashew-kernel,natco,300g,natco_foods,natco-natco-cashew-kernel-300g,,true
cashew-kernel,natco,1kg,natco_foods,natco-natco-cashew-kernel-1kg,,true
walnut-halves,natco,700g,natco_foods,natco-natco-walnut-halves-700g,,true
walnut-halves,natco,200g,natco_foods,natco-natco-walnut-halves-200g,,true
pecans,natco,200g,natco_foods,natco-natco-pecans-200g,,true
almond-blanched-whole,natco,250g,natco_foods,natco-natco-almond-blanched-whole-250g,,true
blanched-almond-whole,natco,700g,natco_foods,natco-natco-blanched-almond-whole-700g,,true
almond-flakes,natco,1kg,natco_foods,natco-natco-almond-flakes-1kg,,true
almond-flakes,natco,300g,natco_foods,natco-natco-almond-flakes-300g,,true
almonds-ground,natco,300g,natco_foods,natco-natco-almonds-ground-300g,,true
almonds,natco,1kg,natco_foods,natco-natco-almonds-1kg,,true
almonds,natco,400g,natco_foods,natco-natco-almonds-400g,,true
pavbhaji-masala-mangal,natco,100g,natco_foods,natco-natco-pavbhaji-masala-mangal-100g,,true
biryani-masala-mangal,natco,50g,natco_foods,natco-natco-biryani-masala-mangal-50g,,true
chicken-masala-mangal,natco,100g,natco_foods,natco-natco-chicken-masala-mangal-100g,,true
sambhar-masala-mangal,natco,100g,natco_foods,natco-natco-sambhar-masala-mangal-100g,,true
pickle-masala-mangal,natco,125g,natco_foods,natco-natco-pickle-masala-mangal-125g,,true
meat-masala-mangal,natco,100g,natco_foods,natco-natco-meat-masala-mangal-100g,,true
chat-masala-mangal,natco,100g,natco_foods,natco-natco-chat-masala-mangal-100g,,true
chana-masala-mangal,natco,100g,natco_foods,natco-natco-chana-masala-mangal-100g,,true
anardana-powder-mangal,natco,100g,natco_foods,natco-natco-anardana-powder-mangal-100g,,true
soya-beans,natco,2kg,natco_foods,natco-natco-soya-beans-2kg,,true
soya-beans,natco,500g,natco_foods,natco-natco-soya-beans-500g,,true
red-lentils-polished,natco,2kg,natco_foods,natco-natco-red-lentils-polished-2kg,,true
red-lentils-polished,natco,1kg,natco_foods,natco-natco-red-lentils-polished-1kg,,true
mung-dal-yellow,natco,1kg,natco_foods,natco-natco-mung-dal-yellow-1kg,,true
mung-dal-yellow,natco,2kg,natco_foods,natco-natco-mung-dal-yellow-2kg,,true
mung-split,natco,2kg,natco_foods,natco-natco-mung-split-2kg,,true
mung-split,natco,500g,natco_foods,natco-natco-mung-split-500g,,true
mung-beans,natco,1kg,natco_foods,natco-natco-mung-beans-1kg,,true
mung-beans,natco,2kg,natco_foods,natco-natco-mung-beans-2kg,,true
green-lentils,natco,1kg,natco_foods,natco-natco-green-lentils-1kg,,true
green-lentils,natco,2kg,natco_foods,natco-natco-green-lentils-2kg,,true
chanadal-polished,natco,2kg,natco_foods,natco-natco-chanadal-polished-2kg,,true
chanadal-polished,natco,1kg,natco_foods,natco-natco-chanadal-polished-1kg,,true
brown-lentils,natco,2kg,natco_foods,natco-natco-brown-lentils-2kg,,true
brown-lentils,natco,500g,natco_foods,natco-natco-brown-lentils-500g,,true
butter-beans,natco,2kg,natco_foods,natco-natco-butter-beans-2kg,,true
butter-beans,natco,500g,natco_foods,natco-natco-butter-beans-500g,,true
black-eye-beans,natco,2kg,natco_foods,natco-natco-black-eye-beans-2kg,,true
black-eye-beans,natco,500g,natco_foods,natco-natco-black-eye-beans-500g,,true
alubia-beans,natco,2kg,natco_foods,natco-natco-alubia-beans-2kg,,true
alubia-beans,natco,500g,natco_foods,natco-natco-alubia-beans-500g,,true
coconut-water,natco,330ml,natco_foods,natco-natco-coconut-water-330ml,,true
coconut-water,natco,1l,natco_foods,natco-natco-coconut-water-1l,,true
rose-syrup,natco,725ml,natco_foods,natco-natco-rose-syrup-725ml,,true
dried-tarragon,natco,25g,natco_foods,natco-natco-dried-tarragon-25g,,true
sage-jar,natco,25g,natco_foods,natco-natco-sage-jar-25g,,true
parsley-jar,natco,25g,natco_foods,natco-natco-parsley-jar-25g,,true
oregano-jar,natco,25g,natco_foods,natco-natco-oregano-jar-25g,,true
mixed-herbs-jar,natco,25g,natco_foods,natco-natco-mixed-herbs-jar-25g,,true
mint-jar,natco,30g,natco_foods,natco-natco-mint-jar-30g,,true
marjoram-jar,natco,20g,natco_foods,natco-natco-marjoram-jar-20g,,true
coriander-leaves-jar,natco,25g,natco_foods,natco-natco-coriander-leaves-jar-25g,,true
basil-jar,natco,25g,natco_foods,natco-natco-basil-jar-25g,,true
milk-powder,natco,750g,natco_foods,natco-natco-milk-powder-750g,,true
milk-powder,natco,300g,natco_foods,natco-natco-milk-powder-300g,,true
ragi-flour,natco,900g,natco_foods,natco-natco-ragi-flour-900g,,true
millet-bajri-flour,natco,900g,natco_foods,natco-natco-millet-bajri-flour-900g,,true
couscous,natco,500g,natco_foods,natco-natco-couscous-500g,,true
semolina-extra-coarse,natco,1-5kg,natco_foods,natco-natco-semolina-extra-coarse-15kg,,true
semolina-coarse,natco,1-5kg,natco_foods,natco-natco-semolina-coarse-15kg,,true
semolina-coarse,natco,500g,natco_foods,natco-natco-semolina-coarse-500g,,true
semolina-fine,natco,1-5kg,natco_foods,natco-natco-semolina-fine-15kg,,true
semolina-fine,natco,500g,natco_foods,natco-natco-semolina-fine-500g,,true
rice-flour,natco,500g,natco_foods,natco-natco-rice-flour-500g,,true
ground-rice,natco,1-5kg,natco_foods,natco-natco-ground-rice-15kg,,true
ground-rice,natco,500g,natco_foods,natco-natco-ground-rice-500g,,true
gram-flour-papa-brand,natco,2kg,natco_foods,natco-natco-gram-flour-papa-brand-2kg,,true
gram-flour-superfine,natco,2kg,natco_foods,natco-natco-gram-flour-superfine-2kg,,true
gram-flour-superfine,natco,1kg,natco_foods,natco-natco-gram-flour-superfine-1kg,,true
gram-flour-superfine,natco,500g,natco_foods,natco-natco-gram-flour-superfine-500g,,true
white-maize-meal,natco,1-5kg,natco_foods,natco-natco-white-maize-meal-15kg,,true
cornmeal-medium,natco,1-5kg,natco_foods,natco-natco-cornmeal-medium-15kg,,true
cornmeal-medium,natco,500g,natco_foods,natco-natco-cornmeal-medium-500g,,true
cornmeal-fine,natco,1-5kg,natco_foods,natco-natco-cornmeal-fine-15kg,,true
cornmeal-fine,natco,500g,natco_foods,natco-natco-cornmeal-fine-500g,,true
chakki-atta-multigrain,natco,5kg,natco_foods,natco-natco-chakki-atta-multigrain-5kg,,true
chapati-flour-medium,natco,1-5kg,natco_foods,natco-natco-chapati-flour-medium-15kg,,true
chapati-flour-white,natco,1-5kg,natco_foods,natco-natco-chapati-flour-white-15kg,,true
golden-raisins,natco,1kg,natco_foods,natco-natco-golden-raisins-1kg,,true
golden-raisins,natco,100g,natco_foods,natco-natco-golden-raisins-100g,,true
toovar,natco,400g,natco_foods,natco-natco-toovar-400g,,true
suran-yam,natco,400g,natco_foods,natco-natco-suran-yam-400g,,true
punjabi-tinda-full-case-12x400g,natco,400g,natco_foods,natco-natco-punjabi-tinda-full-case-12x400g-400g,,true
okra-full-case-12x400g,natco,400g,natco_foods,natco-natco-okra-full-case-12x400g-400g,,true
lotus-root,natco,400g,natco_foods,natco-natco-lotus-root-400g,,true
karela,natco,400g,natco_foods,natco-natco-karela-400g,,true
sarson-ka-saag,natco,450g,natco_foods,natco-natco-sarson-ka-saag-450g,,true
patra,natco,400g,natco_foods,natco-natco-patra-400g,,true
tomatoes-chopped-full-case-12x400g,natco,400g,natco_foods,natco-natco-tomatoes-chopped-full-case-12x400g-400g,,true
tomatoes-peeled,natco,400g,natco_foods,natco-natco-tomatoes-peeled-400g,,true
tomato-paste,natco,800g,natco_foods,natco-natco-tomato-paste-800g,,true
spinach-leaf,natco,396g,natco_foods,natco-natco-spinach-leaf-396g,,true
rose-coco-borlotti-beans,natco,400g,natco_foods,natco-natco-rose-coco-borlotti-beans-400g,,true
rose-coco-borlotti-beans,natco,2kg,natco_foods,natco-natco-rose-coco-borlotti-beans-2kg,,true
rose-coco-borlotti-beans,natco,500g,natco_foods,natco-natco-rose-coco-borlotti-beans-500g,,true
coconut-oil-parachute-brand,natco,500ml,natco_foods,natco-natco-coconut-oil-parachute-brand-500ml,,true
olive-oil-extra-virgin,natco,500ml,natco_foods,natco-natco-olive-oil-extra-virgin-500ml,,true
mango-pulp-kesar,natco,850g,natco_foods,natco-natco-mango-pulp-kesar-850g,,true
mango-slices-alphonso,natco,425g,natco_foods,natco-natco-mango-slices-alphonso-425g,,true
mango-pulp-alphonso,natco,450g,natco_foods,natco-natco-mango-pulp-alphonso-450g,,true
ghee-pure-butter,natco,1kg,natco_foods,natco-natco-ghee-pure-butter-1kg,,true
ghee-pure-plough-brand,natco,500g,natco_foods,natco-natco-ghee-pure-plough-brand-500g,,true
kala-chana-boiled,natco,400g,natco_foods,natco-natco-kala-chana-boiled-400g,,true
coconut-cream,natco,400ml,natco_foods,natco-natco-coconut-cream-400ml,,true
coconut-milk-light,natco,400ml,natco_foods,natco-natco-coconut-milk-light-400ml,,true
coconut-milk,natco,400ml,natco_foods,natco-natco-coconut-milk-400ml,,true
coriander-mint-sauce,natco,340g,natco_foods,natco-natco-coriander-mint-sauce-340g,,true
tamarind-amp-date-sauce,natco,340g,natco_foods,natco-natco-tamarind-date-sauce-340g,,true
garlic-amp-chilli-sauce,natco,340g,natco_foods,natco-natco-garlic-chilli-sauce-340g,,true
chilli-sauce-hot,natco,310g,natco_foods,natco-natco-chilli-sauce-hot-310g,,true
tamarind-sauce,natco,340g,natco_foods,natco-natco-tamarind-sauce-340g,,true
bombay-sandwich-spread,natco,280g,natco_foods,natco-natco-bombay-sandwich-spread-280g,,true
garlic-amp-ginger-paste,natco,190g,natco_foods,natco-natco-garlic-ginger-paste-190g,,true
ginger-paste,natco,190g,natco_foods,natco-natco-ginger-paste-190g,,true
garlic-paste,natco,190g,natco_foods,natco-natco-garlic-paste-190g,,true
garlic-pickle,natco,300g,natco_foods,natco-natco-garlic-pickle-300g,,true
mango-chutney-sweet,natco,340g,natco_foods,natco-natco-mango-chutney-sweet-340g,,true
mango-chutney-spicy,natco,340g,natco_foods,natco-natco-mango-chutney-spicy-340g,,true
thecha-chilli-paste,natco,300g,natco_foods,natco-natco-thecha-chilli-paste-300g,,true
brinjal-chutney-sweet,natco,300g,natco_foods,natco-natco-brinjal-chutney-sweet-300g,,true
chundo-chutney-sweet,natco,340g,natco_foods,natco-natco-chundo-chutney-sweet-340g,,true
gorkeri-chutney-sweet,natco,300g,natco_foods,natco-natco-gorkeri-chutney-sweet-300g,,true
lime-pickle-hot,natco,300g,natco_foods,natco-natco-lime-pickle-hot-300g,,true
mixed-pickle,natco,300g,natco_foods,natco-natco-mixed-pickle-300g,,true
chilli-pickle-hot,natco,300g,natco_foods,natco-natco-chilli-pickle-hot-300g,,true
mango-pickle-hot,natco,300g,natco_foods,natco-natco-mango-pickle-hot-300g,,true
chick-peas,natco,2-5kg,natco_foods,natco-natco-chick-peas-25kg,,true
chick-peas,natco,2kg,natco_foods,natco-natco-chick-peas-2kg,,true
chick-peas-full-case-12x400g,natco,400g,natco_foods,natco-natco-chick-peas-full-case-12x400g-400g,,true
pomace-olive-oil,natco,5l,natco_foods,natco-natco-pomace-olive-oil-5-litre,,true
pomace-olive-oil,natco,1l,natco_foods,natco-natco-pomace-olive-oil-1-litre,,true
red-kidney-beans-boiled-full-case-12x400g,natco,400g,natco_foods,natco-natco-red-kidney-beans-boiled-full-case-12x400g-400g,,true
red-kidney-beans,natco,2-5kg,natco_foods,natco-natco-red-kidney-beans-25kg,,true
red-kidney-beans,natco,1kg,natco_foods,natco-natco-red-kidney-beans-1kg,,true
red-kidney-beans,natco,2kg,natco_foods,natco-natco-red-kidney-beans-2kg,,true
chick-peas-full-case-4x1kg,natco,1kg,natco_foods,natco-natco-chick-peas-full-case-4x1kg-1kg,,true
coconut-flour,natco,200g,natco_foods,natco-natco-coconut-flour-200g,,true
coconut-flour,natco,1kg,natco_foods,natco-natco-coconut-flour-1kg,,true
all-purpose-seasoning,natco,100g,natco_foods,natco-natco-all-purpose-seasoning-100g,,true
all-purpose-seasoning,natco,400g,natco_foods,natco-natco-all-purpose-seasoning-400g,,true
pine-nuts,natco,75g,natco_foods,natco-natco-pine-nuts-75g,,true
mamra-basmati,natco,908g,natco_foods,natco-natco-mamra-basmati-908g,,true
mamra-basmati,natco,200g,natco_foods,natco-natco-mamra-basmati-200g,,true
big-d-salted-peanuts-24x50g,natco,50g,natco_foods,natco-natco-big-d-salted-peanuts-24x50g-50g,,true
big-d-honey-roast-peanuts-12x50g-packs-on-a-pub-card,natco,12multipack,natco_foods,natco-natco-big-d-honey-roast-peanuts-12x50g-packs-on-a-pub-card-12x50g,,true
bhel-puri-kit,natco,500g,natco_foods,natco-natco-bhel-puri-kit-500g,,true
big-d-salted-cashews-12x30g-cards,natco,12multipack,natco_foods,natco-natco-big-d-salted-cashews-12x30g-cards-12x30g,,true
white-kidney-beans,natco,400g,natco_foods,natco-natco-white-kidney-beans-400g,,true
spinach-puree,natco,395g,natco_foods,natco-natco-spinach-puree-395g,,true
spinach-puree,natco,794g,natco_foods,natco-natco-spinach-puree-794g,,true
black-eyed-beans,natco,400g,natco_foods,natco-natco-black-eyed-beans-400g,,true
pure-sesame-oil,natco,1l,natco_foods,natco-natco-pure-sesame-oil-1-litre,,true
pure-sesame-oil,natco,250ml,natco_foods,natco-natco-pure-sesame-oil-250ml,,true
groundnut-oil,natco,1l,natco_foods,natco-natco-groundnut-oil-1-litre,,true
pure-linseed-oil,natco,250ml,natco_foods,natco-natco-pure-linseed-oil-250ml,,true
castor-oil,natco,250ml,natco_foods,natco-natco-castor-oil-250ml,,true
almond-oil,natco,500ml,natco_foods,natco-natco-almond-oil-500ml,,true
almond-oil,natco,250ml,natco_foods,natco-natco-almond-oil-250ml,,true
rosemary-jar,natco,40g,natco_foods,natco-natco-rosemary-jar-40g,,true
demerara-sugar,natco,500g,natco_foods,natco-natco-demerara-sugar-500g,,true
demerara-sugar,natco,1-5kg,natco_foods,natco-natco-demerara-sugar-15kg,,true
whole-birdseye-chilli-jar,natco,40g,natco_foods,natco-natco-whole-birdseye-chilli-jar-40g,,true
whole-birdseye-chilli-jar,natco,50g,natco_foods,natco-natco-whole-birdseye-chilli-jar-50g,,true
coriander-seeds-jar,natco,60g,natco_foods,natco-natco-coriander-seeds-jar-60g,,true
coriander-seeds-jar,natco,65g,natco_foods,natco-natco-coriander-seeds-jar-65g,,true
ajwan-seeds,natco,300g,natco_foods,natco-natco-ajwan-seeds-300g,,true
amchoor-powder,natco,400g,natco_foods,natco-natco-amchoor-powder-400g,,true
black-pepper-coarse,natco,300g,natco_foods,natco-natco-black-pepper-coarse-300g,,true
black-pepper-coarse,natco,1kg,natco_foods,natco-natco-black-pepper-coarse-1kg,,true
black-pepper-coarse,natco,100g,natco_foods,natco-natco-black-pepper-coarse-100g,,true
black-pepper-ground,natco,400g,natco_foods,natco-natco-black-pepper-ground-400g,,true
black-pepper-ground-jar,natco,100g,natco_foods,natco-natco-black-pepper-ground-jar-100g,,true
black-pepper-whole,natco,1kg,natco_foods,natco-natco-black-pepper-whole-1kg,,true
black-pepper-whole,natco,300g,natco_foods,natco-natco-black-pepper-whole-300g,,true
black-pepper-whole-jar,natco,100g,natco_foods,natco-natco-black-pepper-whole-jar-100g,,true
brown-chick-peas,natco,2kg,natco_foods,natco-natco-brown-chick-peas-2kg,,true
brown-chick-peas,natco,500g,natco_foods,natco-natco-brown-chick-peas-500g,,true
cardamom-green-ground,natco,50g,natco_foods,natco-natco-cardamom-green-ground-50g,,true
cardamom-green,natco,200g,natco_foods,natco-natco-cardamom-green-200g,,true
cardamom-seeds,natco,100g,natco_foods,natco-natco-cardamom-seeds-100g,,true
cassia-dalchini,natco,400g,natco_foods,natco-natco-cassia-dalchini-400g,,true
chilli-powder,natco,1kg,natco_foods,natco-natco-chilli-powder-1kg,,true
chilli-powder,natco,100g,natco_foods,natco-natco-chilli-powder-100g,,true
chilli-powder-extra-hot,natco,400g,natco_foods,natco-natco-chilli-powder-extra-hot-400g,,true
chilli-powder-kashmiri,natco,100g,natco_foods,natco-natco-chilli-powder-kashmiri-100g,,true
chilli-powder-kashmiri,natco,400g,natco_foods,natco-natco-chilli-powder-kashmiri-400g,,true
chilli-whole-birdseye,natco,150g,natco_foods,natco-natco-chilli-whole-birdseye-150g,,true
chilli-whole-stemless,natco,200g,natco_foods,natco-natco-chilli-whole-stemless-200g,,true
chinese-5-spice,natco,100g,natco_foods,natco-natco-chinese-5-spice-100g,,true
cinnamon-sticks,natco,50g,natco_foods,natco-natco-cinnamon-sticks-50g,,true
cloves,natco,200g,natco_foods,natco-natco-cloves-200g,,true
cloves-ground,natco,50g,natco_foods,natco-natco-cloves-ground-50g,,true
coriander-ground,natco,400g,natco_foods,natco-natco-coriander-ground-400g,,true
coriander-seeds,natco,300g,natco_foods,natco-natco-coriander-seeds-300g,,true
chilli-crushed,natco,300g,natco_foods,natco-natco-chilli-crushed-300g,,true
cumin-ground-jar,natco,70g,natco_foods,natco-natco-cumin-ground-jar-70g,,true
cumin-ground,natco,100g,natco_foods,natco-natco-cumin-ground-100g,,true
cumin-ground,natco,400g,natco_foods,natco-natco-cumin-ground-400g,,true
cumin-seeds,natco,400g,natco_foods,natco-natco-cumin-seeds-400g,,true
cumin-seeds-black,natco,100g,natco_foods,natco-natco-cumin-seeds-black-100g,,true
cumin-seeds-jar,natco,100g,natco_foods,natco-natco-cumin-seeds-jar-100g,,true
curry-powder,natco,400g,natco_foods,natco-natco-curry-powder-400g,,true
curry-powder-hot,natco,400g,natco_foods,natco-natco-curry-powder-hot-400g,,true
curry-powder-hot,natco,100g,natco_foods,natco-natco-curry-powder-hot-100g,,true
curry-powder-medium-jar,natco,100g,natco_foods,natco-natco-curry-powder-medium-jar-100g,,true
curry-leaves,natco,100g,natco_foods,natco-natco-curry-leaves-100g,,true
fennel-seeds,natco,400g,natco_foods,natco-natco-fennel-seeds-400g,,true
fennel-seeds-jar,natco,100g,natco_foods,natco-natco-fennel-seeds-jar-100g,,true
garlic-flakes,natco,100g,natco_foods,natco-natco-garlic-flakes-100g,,true
garlic-powder,natco,100g,natco_foods,natco-natco-garlic-powder-100g,,true
garlic-powder-jar,natco,100g,natco_foods,natco-natco-garlic-powder-jar-100g,,true
ginger-powder,natco,100g,natco_foods,natco-natco-ginger-powder-100g,,true
ground-ginger-jar,natco,70g,natco_foods,natco-natco-ground-ginger-jar-70g,,true
kala-namak,natco,300g,natco_foods,natco-natco-kala-namak-300g,,true
kala-namak,natco,100g,natco_foods,natco-natco-kala-namak-100g,,true
mace-ground,natco,50g,natco_foods,natco-natco-mace-ground-50g,,true
methi-leaves-jar,natco,10g,natco_foods,natco-natco-methi-leaves-jar-10g,,true
methi-seeds-fenugreek,natco,400g,natco_foods,natco-natco-methi-seeds-fenugreek-400g,,true
methi-seeds-jar,natco,100g,natco_foods,natco-natco-methi-seeds-jar-100g,,true
moth-beans,natco,2kg,natco_foods,natco-natco-moth-beans-2kg,,true
moth-beans,natco,500g,natco_foods,natco-natco-moth-beans-500g,,true
mustard-seeds,natco,400g,natco_foods,natco-natco-mustard-seeds-400g,,true
mustard-seeds-black-jar,natco,100g,natco_foods,natco-natco-mustard-seeds-black-jar-100g,,true
kalwanji-nigella-seeds,natco,300g,natco_foods,natco-natco-kalwanji-nigella-seeds-300g,,true
kalwanji-nigella-seeds-jar,natco,100g,natco_foods,natco-natco-kalwanji-nigella-seeds-jar-100g,,true
nutmeg-ground,natco,50g,natco_foods,natco-natco-nutmeg-ground-50g,,true
nutmeg-ground-jar,natco,100g,natco_foods,natco-natco-nutmeg-ground-jar-100g,,true
nutmeg-whole-jar,natco,100g,natco_foods,natco-natco-nutmeg-whole-jar-100g,,true
panchpuran-5-whole-spice,natco,1kg,natco_foods,natco-natco-panchpuran-5-whole-spice-1kg,,true
paprika-powder,natco,400g,natco_foods,natco-natco-paprika-powder-400g,,true
paprika-powder-jar,natco,100g,natco_foods,natco-natco-paprika-powder-jar-100g,,true
saffron,natco,1g,natco_foods,natco-natco-saffron-1g,,true
takmuria-basil-seeds,natco,100g,natco_foods,natco-natco-takmuria-basil-seeds-100g,,true
tamarind-paste-jar,natco,250g,natco_foods,natco-natco-tamarind-paste-jar-250g,,true
tamarind-slab,natco,200g,natco_foods,natco-natco-tamarind-slab-200g,,true
tamarind-wet,natco,400g,natco_foods,natco-natco-tamarind-wet-400g,,true
toor-dal-oily,natco,2kg,natco_foods,natco-natco-toor-dal-oily-2kg,,true
toor-dal-oily,natco,1kg,natco_foods,natco-natco-toor-dal-oily-1kg,,true
toor-dal-plain,natco,2kg,natco_foods,natco-natco-toor-dal-plain-2kg,,true
toor-dal-plain,natco,500g,natco_foods,natco-natco-toor-dal-plain-500g,,true
turmeric-powder,natco,400g,natco_foods,natco-natco-turmeric-powder-400g,,true
turmeric-powder-jar,natco,100g,natco_foods,natco-natco-turmeric-powder-jar-100g,,true
urid-dal-white,natco,2kg,natco_foods,natco-natco-urid-dal-white-2kg,,true
urid-dal-white,natco,1kg,natco_foods,natco-natco-urid-dal-white-1kg,,true
urid-beans,natco,2kg,natco_foods,natco-natco-urid-beans-2kg,,true
urid-beans,natco,1kg,natco_foods,natco-natco-urid-beans-1kg,,true
urid-split,natco,2kg,natco_foods,natco-natco-urid-split-2kg,,true
urid-split,natco,500g,natco_foods,natco-natco-urid-split-500g,,true
white-pepper-ground,natco,100g,natco_foods,natco-natco-white-pepper-ground-100g,,true
white-pepper-ground-jar,natco,100g,natco_foods,natco-natco-white-pepper-ground-jar-100g,,true
yellow-mustard-seeds,natco,300g,natco_foods,natco-natco-yellow-mustard-seeds-300g,,true
yellow-split-peas,natco,2kg,natco_foods,natco-natco-yellow-split-peas-2kg,,true
yellow-split-peas,natco,1kg,natco_foods,natco-natco-yellow-split-peas-1kg,,true
mango-pickle,national-foods,500g,multiple_suppliers,national-foods-national-mango-pickle-500g,,true
mixed-pickle,national-foods,300g,multiple_suppliers,national-foods-national-mixed-pickle-300g,,true
classic,nescafe,200g,multiple_suppliers,nescafe-nescafe-classic-200g,,true
coconut-oil,parachute,500ml,multiple_suppliers,parachute-parachute-coconut-oil-500ml,,true
bourbon,parle,200g,parle_products,parle-parle-parle-bourbon-200g,,true
g-glucose-biscuits,parle,400g,parle_products,parle-parle-parle-g-glucose-biscuits-400g,,true
g-glucose-biscuits,parle,1kg,parle_products,parle-parle-parle-g-glucose-biscuits-1kg,,true
mango-bite,parle,40piece,parle_products,parle-parle-parle-mango-bite-40-piece-bag,,true
melody,parle,40piece,parle_products,parle-parle-parle-melody-40-piece-bag,,true
monaco-salted-crackers,parle,200g,parle_products,parle-parle-parle-monaco-salted-crackers-200g,,true
lime-pickle,pataks,283g,ab_world_foods,pataks-pataks-pataks-lime-pickle-283g,,true
mango-chutney,pataks,340g,ab_world_foods,pataks-pataks-pataks-mango-chutney-340g,,true
mixed-pickle,pataks,283g,ab_world_foods,pataks-pataks-pataks-mixed-pickle-283g,,true
tikka-masala-paste,pataks,290g,ab_world_foods,pataks-pataks-pataks-tikka-masala-paste-290g,,true
chakki-fresh-atta,pillsbury,5kg,multiple_suppliers,pillsbury-pillsbury-pillsbury-chakki-fresh-atta-5kg,,true
chakki-fresh-atta,pillsbury,10kg,multiple_suppliers,pillsbury-pillsbury-pillsbury-chakki-fresh-atta-10kg,,true
avakaya-mango-pickle,priya,500g,priya_foods,priya-priya-avakaya-mango-500g,,true
garlic-pickle,priya,300g,priya_foods,priya-priya-garlic-pickle-300g,,true
gongura-mutton-pickle,priya,300g,priya_foods,priya-priya-gongura-mutton-300g,,true
gongura-pickle,priya,300g,priya_foods,priya-priya-gongura-pickle-300g,,true
lemon-pickle,priya,500g,priya_foods,priya-priya-lemon-pickle-500g,,true
tomato-pickle,priya,300g,priya_foods,priya-priya-tomato-pickle-300g,,true
mango-concentrate,rasna,750ml,multiple_suppliers,rasna-rasna-mango-750ml,,true
achar-gosht-masala,shan,50g,shan_foods,shan-shan-achar-gosht-50g,,true
bombay-biryani-mix,shan,60g,shan_foods,shan-shan-shan-bombay-biryani-mix-60g,,true
haleem-mix,shan,300g,shan_foods,shan-shan-shan-haleem-mix-300g,,true
pilau-rice-mix,shan,50g,shan_foods,shan-shan-pilau-rice-50g,,true
sindhi-biryani-mix,shan,65g,shan_foods,shan-shan-shan-sindhi-biryani-mix-65g,,true
special-beef-biryani-mix,shan,60g,shan_foods,shan-shan-shan-special-beef-biryani-mix-60g,,true
special-chicken-biryani-mix,shan,60g,shan_foods,shan-shan-shan-special-chicken-biryani-mix-60g,,true
special-mutton-biryani-mix,shan,60g,shan_foods,shan-shan-shan-special-mutton-biryani-mix-60g,,true
tea,tata-gold,500g,multiple_suppliers,tata-gold-tata-gold-tea-500g,,true
tea,tata-gold,1kg,multiple_suppliers,tata-gold-tata-gold-tea-1kg,,true
pure-basmati,tilda,2kg,multiple_suppliers,tilda-tilda-tilda-pure-basmati-2kg,,true
pure-basmati,tilda,5kg,multiple_suppliers,tilda-tilda-tilda-pure-basmati-5kg,,true
pure-basmati,tilda,10kg,multiple_suppliers,tilda-tilda-tilda-pure-basmati-10kg,,true
coarse-black-pepper,trs,100g,trs_vibrant,trs-trs-trs-coarse-black-pepper-100g,,true
coarse-black-pepper,trs,1kg,trs_vibrant,trs-trs-trs-coarse-black-pepper-1kg,,true
coarse-black-pepper,trs,400g,trs_vibrant,trs-trs-trs-coarse-black-pepper-400g,,true
coarse-cornmeal,trs,1-5kg,trs_vibrant,trs-trs-trs-coarse-cornmeal-15kg,,true
coarse-cornmeal,trs,500g,trs_vibrant,trs-trs-trs-coarse-cornmeal-500g,,true
coarse-cornmeal,trs,5kg,trs_vibrant,trs-trs-trs-coarse-cornmeal-5kg,,true
coarse-semolina,trs,1-5kg,trs_vibrant,trs-trs-trs-coarse-semolina-15kg,,true
coarse-semolina,trs,500g,trs_vibrant,trs-trs-trs-coarse-semolina-500g,,true
coarse-semolina,trs,5kg,trs_vibrant,trs-trs-trs-coarse-semolina-5kg,,true
coriander-powder-dhania,trs,100g,trs_vibrant,trs-trs-trs-coriander-powder-dhania-100g,,true
coriander-powder-dhania,trs,1kg,trs_vibrant,trs-trs-trs-coriander-powder-dhania-1kg,,true
coriander-powder-dhania,trs,200g,trs_vibrant,trs-trs-trs-coriander-powder-dhania-200g,,true
coriander-powder-dhania,trs,400g,trs_vibrant,trs-trs-trs-coriander-powder-dhania-400g,,true
coriander-powder-dhania,trs,5kg,trs_vibrant,trs-trs-trs-coriander-powder-dhania-5kg,,true
coriander-seeds-whole-dhania,trs,100g,trs_vibrant,trs-trs-trs-coriander-seeds-whole-dhania-100g,,true
coriander-seeds-whole-dhania,trs,250g,trs_vibrant,trs-trs-trs-coriander-seeds-whole-dhania-250g,,true
coriander-seeds-whole-dhania,trs,3kg,trs_vibrant,trs-trs-trs-coriander-seeds-whole-dhania-3kg,,true
coriander-seeds-whole-dhania,trs,750g,trs_vibrant,trs-trs-trs-coriander-seeds-whole-dhania-750g,,true
crushed-chilli,trs,100g,trs_vibrant,trs-trs-trs-crushed-chilli-100g,,true
crushed-chilli,trs,250g,trs_vibrant,trs-trs-trs-crushed-chilli-250g,,true
crushed-chilli,trs,3kg,trs_vibrant,trs-trs-trs-crushed-chilli-3kg,,true
crushed-chilli,trs,750g,trs_vibrant,trs-trs-trs-crushed-chilli-750g,,true
cumin-powder,trs,100g,trs_vibrant,trs-trs-trs-cumin-powder-100g,,true
cumin-powder,trs,400g,trs_vibrant,trs-trs-trs-cumin-powder-400g,,true
cumin-powder,trs,1kg,trs_vibrant,trs-trs-trs-cumin-powder-1kg,,true
cumin-powder,trs,5kg,trs_vibrant,trs-trs-trs-cumin-powder-5kg,,true
cumin-seeds,trs,100g,trs_vibrant,trs-trs-trs-cumin-seeds-100g,,true
cumin-seeds,trs,1kg,trs_vibrant,trs-trs-trs-cumin-seeds-1kg,,true
cumin-seeds,trs,400g,trs_vibrant,trs-trs-trs-cumin-seeds-400g,,true
cumin-seeds,trs,4kg,trs_vibrant,trs-trs-trs-cumin-seeds-4kg,,true
fennel-seeds,trs,100g,trs_vibrant,trs-trs-trs-fennel-seeds-100g,,true
fennel-seeds,trs,1kg,trs_vibrant,trs-trs-trs-fennel-seeds-1kg,,true
fennel-seeds,trs,400g,trs_vibrant,trs-trs-trs-fennel-seeds-400g,,true
fenugreek-leaves,trs,100g,trs_vibrant,trs-trs-trs-fenugreek-leaves-100g,,true
fenugreek-leaves,trs,1kg,trs_vibrant,trs-trs-trs-fenugreek-leaves-1kg,,true
fenugreek-leaves,trs,300g,trs_vibrant,trs-trs-trs-fenugreek-leaves-300g,,true
fenugreek-leaves,trs,50g,trs_vibrant,trs-trs-trs-fenugreek-leaves-50g,,true
fenugreek-seeds,trs,50g,trs_vibrant,trs-trs-trs-fenugreek-seeds-50g,,true
fenugreek-seeds,trs,100g,trs_vibrant,trs-trs-trs-fenugreek-seeds-100g,,true
fenugreek-seeds,trs,300g,trs_vibrant,trs-trs-trs-fenugreek-seeds-300g,,true
fenugreek-seeds,trs,1kg,trs_vibrant,trs-trs-trs-fenugreek-seeds-1kg,,true
fine-desiccated-coconut,trs,300g,trs_vibrant,trs-trs-trs-fine-desiccated-coconut-300g,,true
fine-desiccated-coconut,trs,1kg,trs_vibrant,trs-trs-trs-fine-desiccated-coconut-1kg,,true
fine-semolina,trs,1-5kg,trs_vibrant,trs-trs-trs-fine-semolina-15kg,,true
fine-semolina,trs,500g,trs_vibrant,trs-trs-trs-fine-semolina-500g,,true
fine-semolina,trs,5kg,trs_vibrant,trs-trs-trs-fine-semolina-5kg,,true
garam-masala,trs,100g,trs_vibrant,trs-trs-trs-garam-masala-100g,,true
garam-masala,trs,200g,trs_vibrant,trs-trs-trs-garam-masala-200g,,true
garam-masala,trs,400g,trs_vibrant,trs-trs-trs-garam-masala-400g,,true
garam-masala,trs,500g,trs_vibrant,trs-trs-trs-garam-masala-500g,,true
garam-masala,trs,1kg,trs_vibrant,trs-trs-trs-garam-masala-1kg,,true
garam-masala,trs,5kg,trs_vibrant,trs-trs-trs-garam-masala-5kg,,true
garlic-powder,trs,100g,trs_vibrant,trs-trs-trs-garlic-powder-100g,,true
garlic-powder,trs,1kg,trs_vibrant,trs-trs-trs-garlic-powder-1kg,,true
garlic-powder,trs,400g,trs_vibrant,trs-trs-trs-garlic-powder-400g,,true
ginger-paste,trs,1kg,trs_vibrant,trs-trs-trs-ginger-paste-1kg,,true
ginger-powder,trs,100g,trs_vibrant,trs-trs-trs-ginger-powder-100g,,true
ginger-powder,trs,400g,trs_vibrant,trs-trs-trs-ginger-powder-400g,,true
ginger-powder,trs,1kg,trs_vibrant,trs-trs-trs-ginger-powder-1kg,,true
green-cardamom,trs,200g,trs_vibrant,trs-trs-trs-green-cardamom-200g,,true
green-cardamom,trs,50g,trs_vibrant,trs-trs-trs-green-cardamom-50g,,true
green-cardamom,trs,750g,trs_vibrant,trs-trs-trs-green-cardamom-750g,,true
green-lentils,trs,500g,trs_vibrant,trs-trs-trs-green-lentils-500g,,true
green-lentils,trs,1kg,trs_vibrant,trs-trs-trs-green-lentils-1kg,,true
green-lentils,trs,2kg,trs_vibrant,trs-trs-trs-green-lentils-2kg,,true
ground-rice,trs,1-5kg,trs_vibrant,trs-trs-trs-ground-rice-15kg,,true
ground-rice,trs,500g,trs_vibrant,trs-trs-trs-ground-rice-500g,,true
ground-rice,trs,5kg,trs_vibrant,trs-trs-trs-ground-rice-5kg,,true
hot-madras-curry,trs,100g,trs_vibrant,trs-trs-trs-hot-madras-curry-100g,,true
hot-madras-curry,trs,400g,trs_vibrant,trs-trs-trs-hot-madras-curry-400g,,true
mild-madras-curry-powder,trs,1kg,trs_vibrant,trs-trs-trs-mild-madras-curry-powder-1kg,,true
mild-madras-curry-powder,trs,2kg,trs_vibrant,trs-trs-trs-mild-madras-curry-powder-2kg,,true
mild-madras-curry-powder,trs,400g,trs_vibrant,trs-trs-trs-mild-madras-curry-powder-400g,,true
mild-madras-curry-powder,trs,500g,trs_vibrant,trs-trs-trs-mild-madras-curry-powder-500g,,true
mild-madras-curry-powder,trs,5kg,trs_vibrant,trs-trs-trs-mild-madras-curry-powder-5kg,,true
moth-beans,trs,500g,trs_vibrant,trs-trs-trs-moth-beans-500g,,true
moth-beans,trs,1kg,trs_vibrant,trs-trs-trs-moth-beans-1kg,,true
moth-beans,trs,2kg,trs_vibrant,trs-trs-trs-moth-beans-2kg,,true
mung-beans,trs,500g,trs_vibrant,trs-trs-trs-mung-beans-500g,,true
mung-beans,trs,1kg,trs_vibrant,trs-trs-trs-mung-beans-1kg,,true
mung-beans,trs,2kg,trs_vibrant,trs-trs-trs-mung-beans-2kg,,true
mung-beans,trs,5kg,trs_vibrant,trs-trs-trs-mung-beans-5kg,,true
mung-dal,trs,500g,trs_vibrant,trs-trs-trs-mung-dal-500g,,true
mung-dal,trs,1kg,trs_vibrant,trs-trs-trs-mung-dal-1kg,,true
mung-dal,trs,2kg,trs_vibrant,trs-trs-trs-mung-dal-2kg,,true
mung-dal,trs,5kg,trs_vibrant,trs-trs-trs-mung-dal-5kg,,true
mung-dal,trs,25kg,trs_vibrant,trs-trs-trs-mung-dal-25kg,,true
mung-dal-chilka-split-green-peas,trs,500g,trs_vibrant,trs-trs-trs-mung-dal-chilka-split-green-peas-500g,,true
mung-dal-chilka-split-green-peas,trs,1kg,trs_vibrant,trs-trs-trs-mung-dal-chilka-split-green-peas-1kg,,true
mung-dal-chilka-split-green-peas,trs,2kg,trs_vibrant,trs-trs-trs-mung-dal-chilka-split-green-peas-2kg,,true
paprika-powder,trs,100g,trs_vibrant,trs-trs-trs-paprika-powder-100g,,true
paprika-powder,trs,1kg,trs_vibrant,trs-trs-trs-paprika-powder-1kg,,true
paprika-powder,trs,400g,trs_vibrant,trs-trs-trs-paprika-powder-400g,,true
paprika-powder,trs,5kg,trs_vibrant,trs-trs-trs-paprika-powder-5kg,,true
popcorn,trs,2kg,trs_vibrant,trs-trs-trs-popcorn-2kg,,true
popcorn,trs,500g,trs_vibrant,trs-trs-trs-popcorn-500g,,true
puffed-lotus-seeds-makhana,trs,100g,trs_vibrant,trs-trs-trs-puffed-lotus-seeds-makhana-100g,,true
pure-gram-flour,trs,1kg,trs_vibrant,trs-trs-trs-pure-gram-flour-1kg,,true
pure-gram-flour,trs,20kg,trs_vibrant,trs-trs-trs-pure-gram-flour-20kg,,true
pure-gram-flour,trs,2kg,trs_vibrant,trs-trs-trs-pure-gram-flour-2kg,,true
red-adzuki-beans-red-cow-peas,trs,500g,trs_vibrant,trs-trs-trs-red-adzuki-beans-red-cow-peas-500g,,true
red-adzuki-beans-red-cow-peas,trs,2kg,trs_vibrant,trs-trs-trs-red-adzuki-beans-red-cow-peas-2kg,,true
red-kidney-beans,trs,1kg,trs_vibrant,trs-trs-trs-red-kidney-beans-1kg,,true
red-kidney-beans,trs,2kg,trs_vibrant,trs-trs-trs-red-kidney-beans-2kg,,true
red-kidney-beans,trs,400g,trs_vibrant,trs-trs-trs-red-kidney-beans-400g,,true
red-kidney-beans,trs,500g,trs_vibrant,trs-trs-trs-red-kidney-beans-500g,,true
red-kidney-beans,trs,5kg,trs_vibrant,trs-trs-trs-red-kidney-beans-5kg,,true
red-split-lentils,trs,1kg,trs_vibrant,trs-trs-trs-red-split-lentils-1kg,,true
red-split-lentils,trs,5kg,trs_vibrant,trs-trs-trs-red-split-lentils-5kg,,true
rosecoco-beans,trs,25kg,trs_vibrant,trs-trs-trs-rosecoco-beans-25kg,,true
rosecoco-beans,trs,2kg,trs_vibrant,trs-trs-trs-rosecoco-beans-2kg,,true
rosecoco-beans,trs,500g,trs_vibrant,trs-trs-trs-rosecoco-beans-500g,,true
sarson-ka-saag-spiced-mustard-greens-curry,trs,450g,trs_vibrant,trs-trs-trs-sarson-ka-saag-spiced-mustard-greens-curry-450g,,true
sarson-ka-saag-spiced-mustard-greens-curry,trs,850g,trs_vibrant,trs-trs-trs-sarson-ka-saag-spiced-mustard-greens-curry-850g,,true
tapioca-pearls,trs,1-5kg,trs_vibrant,trs-trs-trs-tapioca-pearls-15kg,,true
tapioca-pearls,trs,500g,trs_vibrant,trs-trs-trs-tapioca-pearls-500g,,true
toor-dal,trs,500g,trs_vibrant,trs-trs-trs-toor-dal-500g,,true
toor-dal,trs,1kg,trs_vibrant,trs-trs-trs-toor-dal-1kg,,true
toor-dal,trs,2kg,trs_vibrant,trs-trs-trs-toor-dal-2kg,,true
toor-dal,trs,25kg,trs_vibrant,trs-trs-trs-toor-dal-25kg,,true
tumeric-powder,trs,100g,trs_vibrant,trs-trs-trs-tumeric-powder-100g,,true
tumeric-powder,trs,400g,trs_vibrant,trs-trs-trs-tumeric-powder-400g,,true
tumeric-powder,trs,1kg,trs_vibrant,trs-trs-trs-tumeric-powder-1kg,,true
tumeric-powder,trs,5kg,trs_vibrant,trs-trs-trs-tumeric-powder-5kg,,true
urid-beans,trs,500g,trs_vibrant,trs-trs-trs-urid-beans-500g,,true
urid-beans,trs,1kg,trs_vibrant,trs-trs-trs-urid-beans-1kg,,true
urid-beans,trs,2kg,trs_vibrant,trs-trs-trs-urid-beans-2kg,,true
urid-beans,trs,5kg,trs_vibrant,trs-trs-trs-urid-beans-5kg,,true
urid-beans,trs,25kg,trs_vibrant,trs-trs-trs-urid-beans-25kg,,true
urid-dal,trs,500g,trs_vibrant,trs-trs-trs-urid-dal-500g,,true
urid-dal,trs,1kg,trs_vibrant,trs-trs-trs-urid-dal-1kg,,true
urid-dal,trs,2kg,trs_vibrant,trs-trs-trs-urid-dal-2kg,,true
urid-dal,trs,5kg,trs_vibrant,trs-trs-trs-urid-dal-5kg,,true
urid-dal-chilka,trs,500g,trs_vibrant,trs-trs-trs-urid-dal-chilka-500g,,true
urid-dal-chilka,trs,1kg,trs_vibrant,trs-trs-trs-urid-dal-chilka-1kg,,true
urid-dal-chilka,trs,2kg,trs_vibrant,trs-trs-trs-urid-dal-chilka-2kg,,true
urid-whole-gota,trs,500g,trs_vibrant,trs-trs-trs-urid-whole-gota-500g,,true
urid-whole-gota,trs,1kg,trs_vibrant,trs-trs-trs-urid-whole-gota-1kg,,true
urid-whole-gota,trs,2kg,trs_vibrant,trs-trs-trs-urid-whole-gota-2kg,,true
urid-whole-gota,trs,5kg,trs_vibrant,trs-trs-trs-urid-whole-gota-5kg,,true
white-maize-meal,trs,1-5kg,trs_vibrant,trs-trs-trs-white-maize-meal-15kg,,true
white-maize-meal,trs,500g,trs_vibrant,trs-trs-trs-white-maize-meal-500g,,true
white-maize-meal,trs,5kg,trs_vibrant,trs-trs-trs-white-maize-meal-5kg,,true
whole-cinnamon-dalchini,trs,1-5kg,trs_vibrant,trs-trs-trs-whole-cinnamon-dalchini-15kg,,true
whole-cinnamon-dalchini,trs,200g,trs_vibrant,trs-trs-trs-whole-cinnamon-dalchini-200g,,true
whole-cinnamon-dalchini,trs,400g,trs_vibrant,trs-trs-trs-whole-cinnamon-dalchini-400g,,true
whole-cinnamon-dalchini,trs,50g,trs_vibrant,trs-trs-trs-whole-cinnamon-dalchini-50g,,true
yellow-peas,trs,500g,trs_vibrant,trs-trs-trs-yellow-peas-500g,,true
yellow-peas,trs,2kg,trs_vibrant,trs-trs-trs-yellow-peas-2kg,,true
yellow-split-peas,trs,2kg,trs_vibrant,trs-trs-trs-yellow-split-peas-2kg,,true
yellow-split-peas,trs,500g,trs_vibrant,trs-trs-trs-yellow-split-peas-500g,,true
chilli-powder-hot,trs,200g,trs_vibrant,trs-trs-chilli-hot-200g,,true
coconut-milk,trs,400ml,trs_vibrant,trs-trs-coconut-milk-400ml,,true
dark-red-kidney-beans,trs,1kg,trs_vibrant,trs-trs-rajma-dark-1kg,,true
garlic-paste,trs,300g,trs_vibrant,trs-trs-garlic-paste-300g,,true
ginger-garlic-paste,trs,1kg,trs_vibrant,trs-trs-gg-paste-1kg,,true
ginger-garlic-paste,trs,300g,trs_vibrant,trs-trs-gg-paste-300g,,true
ginger-paste,trs,300g,trs_vibrant,trs-trs-ginger-paste-300g,,true
kala-chana,trs,1kg,trs_vibrant,trs-trs-kala-chana-1kg,,true
kashmiri-chilli-powder,trs,200g,trs_vibrant,trs-trs-kashmiri-chilli-200g,,true
kewra-water,trs,190ml,trs_vibrant,trs-trs-kewra-water-190ml,,true
mixed-panchratna-dal,trs,1kg,trs_vibrant,trs-trs-panchratna-dal-1kg,,true
moong-whole-green,trs,1kg,trs_vibrant,trs-trs-moong-whole-green-1kg,,true
mukhwas-mouth-freshener,trs,200g,trs_vibrant,trs-trs-mukhwas-200g,,true
mustard-oil,trs,1l,trs_vibrant,trs-trs-mustard-oil-1l,,true
pure-ghee,trs,500g,trs_vibrant,trs-trs-ghee-500g,,true
pure-ghee,trs,1kg,trs_vibrant,trs-trs-ghee-1kg,,true
red-split-lentils,trs,2kg,trs_vibrant,trs-trs-red-split-lentils-2kg,,true
red-split-lentils,trs,500g,trs_vibrant,trs-trs-red-split-lentils-500g,,true
roasted-chana-daria,trs,500g,trs_vibrant,trs-trs-chana-daria-500g,,true
roasted-cumin-powder,trs,100g,trs_vibrant,trs-trs-cumin-roasted-100g,,true
roasted-peanuts,trs,500g,trs_vibrant,trs-trs-peanuts-roasted-500g,,true
rose-water,trs,190ml,trs_vibrant,trs-trs-rose-water-190ml,,true
tamarind-block,trs,400g,trs_vibrant,trs-trs-tamarind-block-400g,,true
toor-dal-dry,trs,1kg,trs_vibrant,trs-trs-toor-dal-dry-1kg,,true
toor-dal-oily,trs,1kg,trs_vibrant,trs-trs-toor-dal-oily-1kg,,true
toor-dal-oily,trs,2kg,trs_vibrant,trs-trs-toor-dal-oily-2kg,,true
urad-dal-black-whole,trs,1kg,trs_vibrant,trs-trs-urad-black-whole-1kg,,true
filter-coffee,udhayam,200g,multiple_suppliers,udhayam-udhayam-coffee-200g,,true
filter-coffee,udhayam,500g,multiple_suppliers,udhayam-udhayam-coffee-500g,,true
masala-chai,wagh-bakri,250g,multiple_suppliers,wagh-bakri-wagh-bakri-masala-chai-250g,,true
premium-tea,wagh-bakri,500g,multiple_suppliers,wagh-bakri-wagh-bakri-tea-500g,,true
premium-tea,wagh-bakri,1kg,multiple_suppliers,wagh-bakri-wagh-bakri-tea-1kg,,true
indian-onion,fresh_veg,1kg,multiple_suppliers,veg-indian-onion-1kg,,true
mud-potato,fresh_veg,2kg,multiple_suppliers,veg-mud-potato-2kg,,true
ginger,fresh_veg,250g,multiple_suppliers,veg-ginger-250g,,true
garlic,fresh_veg,250g,multiple_suppliers,veg-garlic-250g,,true
okra-bhindi,fresh_veg,500g,multiple_suppliers,veg-okra-500g,,true
green-chillies,fresh_veg,200g,multiple_suppliers,veg-green-chillies-200g,,true
bottle-gourd-dudhi,fresh_veg,1piece,multiple_suppliers,veg-dudhi-single,,true
bitter-gourd-karela,fresh_veg,500g,multiple_suppliers,veg-karela-500g,,true
drumsticks,fresh_veg,250g,multiple_suppliers,veg-drumsticks-250g,,true
tindora,fresh_veg,500g,multiple_suppliers,veg-tindora-500g,,true
curry-leaves-fresh-veg,fresh_veg,50g,multiple_suppliers,veg-curry-leaves-50g,,true
vine-tomato,fresh_veg,500g,multiple_suppliers,veg-tomato-500g,,true
green-lime,fresh_veg,4pack,multiple_suppliers,veg-lime-4pk,,true
coconut,fresh_veg,1piece,multiple_suppliers,veg-coconut-single,,true
green-plantains,fresh_veg,1piece,multiple_suppliers,veg-plantain-single,,true
cassava-mogo,fresh_veg,1kg,multiple_suppliers,veg-cassava-1kg,,true
arbi-taro-root,fresh_veg,500g,multiple_suppliers,veg-arbi-500g,,true
